_id,Agency,City,Vehicles Involved,Trailers Involved,Number Injured,Number Dead,Number Deer,House Number,Roadway Interchange,Roadway Ramp,Roadway Id,Intersecting Road,Interchange,Feet From,Direction,Latitude,Longitude,Roadway Class,Hit and Run?,Locality,School Zone?,Rumble Strips?,Construction?,Construction Type,Light Condition,Weather Conditions,Surface Condition,Type of Median,Roadway Junction Type,Road Character,Roadway Surface,Primary Factor,Manner of Collision,Unique Location Id,Traffic Control,DateTime,Address Number
386,BLOOMINGTON PD,BLOOMINGTON,2,,0.0,0,0,,,,W 3RD ST,S CORY LN,,0.0,,,,LOCAL/CITY RD,,URBAN,N,N,N,,DARK (LIGHTED),CLOUDY,DRY,,T-INTERSECTION,,ASPHALT,FAILURE TO YIELD RIGHT OF WAY,RIGHT ANGLE,West3rdStreetSouthCoryLane,,2021-11-15 05:30:00,
387,ELLETTSVILLE PD,ELLETTSVILLE,2,0.0,0.0,0,0,,,,ST RD 46,N HARTSTRAIT RD,,,,39.227624,-86.615919,ST RD,N,URBAN,N,N,N,,DAWN/DUSK,CLEAR,DRY,,NO JUNCTION INVOLVED,STRAIGHT/LEVEL,ASPHALT,FOLLOWING TOO CLOSELY,REAR END,HARTSTRAITRDST RD 46 W,TRAFFIC CONTROL SIGNAL,2021-11-15 07:10:00,
388,ISP BLOOMINGTON 33,BLOOMINGTON,1,,0.0,0,1,,,,I-69 N,,,0.0,,39.10382949,-86.55921244,INTERSTATE,,RURAL,N,N,N,,DAYLIGHT,CLEAR,DRY,,NO JUNCTION INVOLVED,,ASPHALT,ANIMAL/OBJECT IN RDWAY,COLLISION WITH DEER,113.7MMI-69 NB,,2021-11-15 08:05:00,
389,INDIANA UNIV BLOOMINGTON PD,BLOOMINGTON,2,0.0,0.0,0,0,,,,S EAGLESON AVE,E 3RD ST,,,,,,LOCAL/CITY RD,N,URBAN,N,N,N,,DAYLIGHT,CLOUDY,DRY,,T-INTERSECTION,STRAIGHT/LEVEL,ASPHALT,IMPROPER LN USAGE,SAME DIRECTION SIDESWIPE,EAGLESON AVEAVE 3RDST,TRAFFIC CONTROL SIGNAL,2021-11-15 12:30:00,
390,ISP BLOOMINGTON 33,BLOOMINGTON,2,,0.0,0,0,,,,ST RD 48,S LIBERTY DR,,0.0,,39.16457033,-86.58076233,LOCAL/CITY RD,,URBAN,N,N,N,,DAYLIGHT,CLEAR,DRY,,NO JUNCTION INVOLVED,,ASPHALT,FAILURE TO YIELD RIGHT OF WAY,RIGHT TURN,W3rdStSLibertyDr,,2021-11-15 12:34:00,
391,MONROE SD,BLOOMINGTON,2,1.0,0.0,0,0,,,,ST RD 37,,,700.0,S,39.08403329,-86.54093367,ST RD,Y,RURAL,N,Y,N,,DAYLIGHT,CLEAR,DRY,,NO JUNCTION INVOLVED,STRAIGHT/LEVEL,ASPHALT,IMPROPER LN USAGE,SAME DIRECTION SIDESWIPE,OLDSTATE37SRDS ST RD 37,NONE,2021-11-15 15:34:00,
392,MONROE SD,BLOOMINGTON,2,0.0,0.0,0,0,,,,ST RD 37,W SMITHVILLE RD,,,,39.16424,-86.480688,ST RD,N,RURAL,N,Y,N,,DAYLIGHT,CLEAR,DRY,,T-INTERSECTION,STRAIGHT/GRADE,ASPHALT,FAILURE TO YIELD RIGHT OF WAY,RIGHT ANGLE,ESMITHVILLERDS ST RD 37,NONE,2021-11-15 16:22:00,
393,MONROE SD,BLOOMINGTON,2,0.0,0.0,0,0,,,,I-69 S,,,,,0.0,0.0,INTERSTATE,Y,RURAL,N,N,N,,DAYLIGHT,CLEAR,DRY,,NO JUNCTION INVOLVED,STRAIGHT/LEVEL,ASPHALT,IMPROPER LN USAGE,SAME DIRECTION SIDESWIPE,I-69S123.0,NONE,2021-11-15 16:24:00,
394,MONROE SD,BLOOMINGTON,2,0.0,0.0,0,0,,,,ST RD 37,W DILLMAN RD,,,,39.092965,-86.546052,ST RD,N,RURAL,N,N,N,,DAYLIGHT,CLEAR,DRY,,FOUR-WAY INTERSECTION,STRAIGHT/LEVEL,ASPHALT,FAILURE TO YIELD RIGHT OF WAY,RIGHT ANGLE,S ST RD 37WDILLMANRD,FLASHING OVERHEAD BEACON,2021-11-15 16:45:00,
395,BLOOMINGTON PD,BLOOMINGTON,2,0.0,0.0,0,0,,,,ST RD 46,KINGSTON DR S,,,,39.16424,-86.492944,LOCAL/CITY RD,Y,URBAN,N,N,N,,DAWN/DUSK,CLOUDY,DRY,,FOUR-WAY INTERSECTION,STRAIGHT/LEVEL,ASPHALT,FOLLOWING TOO CLOSELY,REAR END,EAST3RDSTSOUTHKINGSTONDR,TRAFFIC CONTROL SIGNAL,2021-11-15 17:23:00,
396,INDIANA UNIV BLOOMINGTON PD,BLOOMINGTON,2,0.0,0.0,0,0,,,,ST RD 45/46,E 10TH ST,,,,,,ST RD,Y,URBAN,N,N,N,,DARK (LIGHTED),CLEAR,DRY,,FOUR-WAY INTERSECTION,STRAIGHT/LEVEL,ASPHALT,FOLLOWING TOO CLOSELY,REAR END,ST RD 45ST RD 46,TRAFFIC CONTROL SIGNAL,2021-11-15 19:00:00,
397,MONROE SD,BLOOMINGTON,1,0.0,0.0,0,1,,,,ST RD 45,W AIRPORT RD,,150.0,W,39.13657411,-86.59418719,ST RD,N,RURAL,N,N,N,,DARK (NOT LIGHTED),CLEAR,DRY,,T-INTERSECTION,STRAIGHT/LEVEL,ASPHALT,ANIMAL/OBJECT IN RDWAY,COLLISION WITH DEER,ST RD 45 WWAIRPORTRD,NONE,2021-11-15 20:20:00,
398,BLOOMINGTON PD,BLOOMINGTON,2,0.0,0.0,0,0,1839,,,S OAKDALE DR E,,,,,,,LOCAL/CITY RD,Y,URBAN,N,N,N,,DARK (LIGHTED),CLEAR,DRY,,NO JUNCTION INVOLVED,STRAIGHT/LEVEL,ASPHALT,IMPROPER LN USAGE,BACKING CRASH,SPECANLN,NONE,2021-11-15 20:45:00,
399,MONROE SD,BLOOMINGTON,1,0.0,0.0,0,1,,,,ST RD 37,,,,,0.0,0.0,ST RD,N,RURAL,N,N,N,,DARK (NOT LIGHTED),CLEAR,DRY,,NO JUNCTION INVOLVED,STRAIGHT/GRADE,ASPHALT,ANIMAL/OBJECT IN RDWAY,COLLISION WITH DEER,S ST RD 37R53,NONE,2021-11-15 20:49:00,
400,BLOOMINGTON PD,BLOOMINGTON,2,0.0,0.0,0,0,,,,S ADAMS ST,W 2ND ST,,50.0,S,,,LOCAL/CITY RD,N,URBAN,N,N,N,,DARK (NOT LIGHTED),CLOUDY,DRY,,FOUR-WAY INTERSECTION,STRAIGHT/GRADE,ASPHALT,IMPROPER TURNING,LEFT TURN,SOUTHADAMSSTWESTBLOOMFIELDRD,TRAFFIC CONTROL SIGNAL,2021-11-15 21:18:00,
401,BLOOMINGTON PD,BLOOMINGTON,2,0.0,0.0,0,0,,,,S COLLEGE MALL RD,E 2ND ST,,,,39.160944,-86.497696,LOCAL/CITY RD,Y,URBAN,N,N,N,,DARK (LIGHTED),CLOUDY,DRY,,FOUR-WAY INTERSECTION,STRAIGHT/LEVEL,ASPHALT,UNSAFE LN MOVEMENT,SAME DIRECTION SIDESWIPE,E 2NDSTSCOLLEGEMALLRD,TRAFFIC CONTROL SIGNAL,2021-11-15 22:00:00,
402,ISP BLOOMINGTON 33,BLOOMINGTON,1,,0.0,0,1,,,,I-69 N,,,0.0,,39.24107499,-86.53628058,INTERSTATE,,RURAL,N,Y,N,,DARK (NOT LIGHTED),CLEAR,DRY,,NO JUNCTION INVOLVED,,ASPHALT,ANIMAL/OBJECT IN RDWAY,COLLISION WITH DEER,I-69123,,2021-11-14 00:05:00,
403,BLOOMINGTON PD,BLOOMINGTON,2,0.0,1.0,0,0,,,,W 11TH ST,N ASHLYNN PARK DR,,,,,,LOCAL/CITY RD,N,URBAN,N,N,N,,DAYLIGHT,RAIN,WET,,T-INTERSECTION,STRAIGHT/GRADE,ASPHALT,FAILURE TO YIELD RIGHT OF WAY,LEFT TURN,NASHLYNNPARKDRW11THST,STOP SIGN,2021-11-14 12:23:00,
404,BLOOMINGTON PD,BLOOMINGTON,2,,0.0,0,0,,,,W TAPP RD,S ROCKPORT RD,,0.0,,39.13633186,-86.54890842,LOCAL/CITY RD,,URBAN,N,N,N,,DAYLIGHT,RAIN,WET,,FOUR-WAY INTERSECTION,,ASPHALT,UNSAFE LN MOVEMENT,HEAD ON BETWEEN TWO MOTOR VEHICLES,WTappRdSRockportRd,,2021-11-14 12:27:00,
405,MONROE SD,BLOOMINGTON,2,0.0,0.0,0,0,,,,ST RD 45/46,I-69 S,,,,,,ST RD,N,URBAN,N,N,N,,DAYLIGHT,SLEET/HAIL/FREEZING RAIN,WET,,INTERCHANGE,STRAIGHT/LEVEL,ASPHALT,SPEED TOO FAST FOR WEATHER CONDITIONS,REAR END,I-69SOUTHBOUNDENTRANCERAMPHWYST RD 46 W,TRAFFIC CONTROL SIGNAL,2021-11-14 12:45:00,
406,INDIANA UNIV BLOOMINGTON PD,BLOOMINGTON,2,0.0,0.0,0,0,,,,ST RD 45/46,E 10TH ST,,100.0,N,,,ST RD,N,URBAN,N,N,N,,DAYLIGHT,RAIN,WET,,NO JUNCTION INVOLVED,STRAIGHT/LEVEL,ASPHALT,SPEED TOO FAST FOR WEATHER CONDITIONS,REAR END,EAST10THSTST RD 46S,NONE,2021-11-14 12:50:00,
407,ELLETTSVILLE PD,ELLETTSVILLE,2,0.0,0.0,0,0,,,,ST RD 46,N HARTSTRAIT RD,,,,,,ST RD,N,URBAN,N,N,N,,DAYLIGHT,RAIN,WET,,NO JUNCTION INVOLVED,STRAIGHT/LEVEL,ASPHALT,SPEED TOO FAST FOR WEATHER CONDITIONS,RIGHT ANGLE,HARTSTRAITRDST RD 46 W,TRAFFIC CONTROL SIGNAL,2021-11-14 12:56:00,
408,BLOOMINGTON PD,BLOOMINGTON,2,,0.0,0,0,,,,S COLLEGE AVE,W 1ST,,0.0,,,,LOCAL/CITY RD,,RURAL,N,N,N,,DAYLIGHT,RAIN,WET,,NO JUNCTION INVOLVED,,ASPHALT,DRR DISTRACTED - EXPLAIN IN NARRATIVE,REAR END,W.1STSTS.COLLEGEAVE,,2021-11-14 13:10:00,
409,MONROE SD,BLOOMINGTON,1,0.0,2.0,0,0,3925,,,N SUGAR LN,,,,,39.211952,-86.576192,LOCAL/CITY RD,Y,,N,N,N,,DAYLIGHT,RAIN,WET,,NO JUNCTION INVOLVED,NON-RDWAY CRASH,OTHER - EXPLAIN IN NARRATIVE,RAN OFF RD RIGHT,RAN OFF RD,NSUGARLN,NONE,2021-11-14 13:35:00,
410,MONROE SD,BLOOMINGTON,1,0.0,0.0,0,0,3900,,,N SUGAR LN,,,,,,,COUNTY RD,N,URBAN,N,N,N,,DAYLIGHT,CLOUDY,WET,,NO JUNCTION INVOLVED,STRAIGHT/LEVEL,OTHER - EXPLAIN IN NARRATIVE,OTHER (DRR) - EXPLAIN IN NARRATIVE,OTHER - EXPLAIN IN NARRATIVE,SUGARLN,NONE,2021-11-14 13:35:00,
411,BLOOMINGTON PD,BLOOMINGTON,1,0.0,1.0,0,0,,,,E 3RD ST,S COLLEGE MALL RD,,,,39.16424,-86.4984,LOCAL/CITY RD,Y,URBAN,N,N,N,,DAYLIGHT,CLEAR,DRY,,FOUR-WAY INTERSECTION,STRAIGHT/LEVEL,ASPHALT,FAILURE TO YIELD RIGHT OF WAY,LEFT/RIGHT TURN,E 3RDSTSCOLLEGEMALLRD,TRAFFIC CONTROL SIGNAL,2021-11-14 15:00:00,
412,MONROE SD,BLOOMINGTON,2,0.0,0.0,0,0,,,,E BOLTINGHOUSE RD,,,850.0,W,39.230298,-86.47331049,COUNTY RD,N,RURAL,N,N,N,,DAYLIGHT,CLOUDY,DRY,,NO JUNCTION INVOLVED,CURVE/LEVEL,ASPHALT,FAILURE TO YIELD RIGHT OF WAY,OPPOSITE DIRECTION SIDESWIPE,BOLTINGHOUSERDEARLYOUNGRD,NONE,2021-11-14 15:23:00,
413,MONROE SD,BLOOMINGTON,1,0.0,0.0,0,1,,,,N ST RD 37,W BAYLES RD,,200.0,S,,,LOCAL/CITY RD,N,URBAN,N,N,N,,DAWN/DUSK,RAIN,WET,,FOUR-WAY INTERSECTION,STRAIGHT/LEVEL,ASPHALT,ANIMAL/OBJECT IN RDWAY,COLLISION WITH DEER,NSTATERD37BUSINESSRDWBAYLESRD,NONE,2021-11-13 07:55:00,
414,BLOOMINGTON PD,BLOOMINGTON,2,,0.0,0,0,,,,KINGSTON DR S,ENTRANCE TO TARGET (N),,250.0,,,,,,URBAN,N,N,N,,DAYLIGHT,CLOUDY,DRY,,FOUR-WAY INTERSECTION,,ASPHALT,FAILURE TO YIELD RIGHT OF WAY,RIGHT ANGLE,S.KINGSTONDRE 3RDST,,2021-11-13 10:15:00,
415,ELLETTSVILLE PD,ELLETTSVILLE,2,0.0,0.0,0,0,309,,,ST RD 46,S PARK ST,,,,39.22994707,-86.61919656,UNKNOWN,Y,,N,N,N,,DAYLIGHT,CLOUDY,DRY,,NO JUNCTION INVOLVED,STRAIGHT/LEVEL,ASPHALT,OTHER (DRR) - EXPLAIN IN NARRATIVE,SAME DIRECTION SIDESWIPE,ETEMPERANCEST,NONE,2021-11-13 10:27:00,
416,INDIANA UNIV BLOOMINGTON PD,BLOOMINGTON,2,0.0,0.0,0,0,,,,N ROSE AVE,E 7TH ST,,,,,,LOCAL/CITY RD,N,URBAN,N,N,N,,DAYLIGHT,CLOUDY,DRY,,T-INTERSECTION,STRAIGHT/LEVEL,ASPHALT,IMPROPER TURNING,LEFT TURN,E7THSTNROSEAVE,STOP SIGN,2021-11-13 12:40:00,
417,INDIANA UNIV BLOOMINGTON PD,BLOOMINGTON,2,0.0,0.0,0,0,,,,S FACULTY AVE,E 3RD ST,,,,,,LOCAL/CITY RD,N,URBAN,N,N,N,,DARK (LIGHTED),CLEAR,DRY,,NO JUNCTION INVOLVED,STRAIGHT/LEVEL,ASPHALT,UNSAFE LN MOVEMENT,SAME DIRECTION SIDESWIPE,FACULTYAVE 3RDST,NONE,2021-11-13 21:05:00,
418,INDIANA UNIV BLOOMINGTON PD,BLOOMINGTON,2,0.0,0.0,0,0,1603,,,E JONES AVE,,,,,,,UNKNOWN,Y,URBAN,N,N,N,,DARK (LIGHTED),CLEAR,DRY,,NO JUNCTION INVOLVED,STRAIGHT/LEVEL,ASPHALT,UNSAFE BACKING,BACKING CRASH,3RDST,NONE,2021-11-13 21:10:00,
419,MONROE SD,BLOOMINGTON,1,0.0,0.0,0,1,,,,ST RD 46,E KENT RD,,,,39.152448,-86.400288,ST RD,N,RURAL,N,Y,N,,DARK (NOT LIGHTED),CLEAR,DRY,,T-INTERSECTION,CURVE/LEVEL,ASPHALT,ANIMAL/OBJECT IN RDWAY,COLLISION WITH ANIMAL OTHER,EKENTRDST RD 46E,LN CONTROL,2021-11-12 04:41:00,
420,ELLETTSVILLE PD,ELLETTSVILLE,1,0.0,0.0,0,1,,,,ST RD 46,,,400.0,W,39.21787635,-86.60014813,ST RD,N,URBAN,N,N,N,,DARK (NOT LIGHTED),CLEAR,DRY,,NO JUNCTION INVOLVED,STRAIGHT/LEVEL,ASPHALT,ANIMAL/OBJECT IN RDWAY,COLLISION WITH DEER,RIDGEWOODDRST RD 46 W,LN CONTROL,2021-11-12 05:48:00,
421,ISP BLOOMINGTON 33,BLOOMINGTON,2,,0.0,0,0,,,,ST RD 46,,,898.0,,39.16568499,-86.49892277,ST RD,,URBAN,N,N,N,,DARK (NOT LIGHTED),CLOUDY,WET,,NO JUNCTION INVOLVED,,ASPHALT,FOLLOWING TOO CLOSELY,REAR END,ST RD 463rdSt,,2021-11-12 06:15:00,
422,MONROE SD,BLOOMINGTON,2,0.0,0.0,0,0,,,,S LIBERTY DR,W CONSTITUTION AVE,,200.0,N,39.149552,-86.575936,COUNTY RD,N,RURAL,N,N,N,,DAYLIGHT,BLOWING SAND/SOIL/SNOW,DRY,,NO JUNCTION INVOLVED,CURVE/GRADE,ASPHALT,FOLLOWING TOO CLOSELY,REAR END,CONSTITUTIONWAYSOUTHLIBERTYDR,NONE,2021-11-12 08:12:00,
423,BLOOMINGTON PD,BLOOMINGTON,2,0.0,0.0,0,0,,,,S PATTERSON DR,W 2ND ST,,100.0,S,,,LOCAL/CITY RD,N,URBAN,N,N,N,,DAYLIGHT,CLEAR,DRY,,NO JUNCTION INVOLVED,STRAIGHT/LEVEL,ASPHALT,FOLLOWING TOO CLOSELY,REAR END,SPATTERSONDRW 2NDST,NONE,2021-11-12 08:45:00,
424,ISP BLOOMINGTON 33,BLOOMINGTON,2,,0.0,0,0,,,,W DILLMAN RD,ST RD 37,,0.0,,39.09297869,-86.54593653,LOCAL/CITY RD,,RURAL,N,N,N,,DAYLIGHT,CLEAR,DRY,,FOUR-WAY INTERSECTION,,ASPHALT,,LEFT/RIGHT TURN,WDillmanRdStateRd37,,2021-11-12 09:05:00,
425,BLOOMINGTON PD,BLOOMINGTON,2,0.0,0.0,0,0,,,,S WALNUT ST,BLACK LUMBER TRAIL/SWITCHYARD PARK PEDESTRIAN CROSSING,,250.0,S,39.148928,-86.53312,LOCAL/CITY RD,N,URBAN,N,N,N,,DAYLIGHT,CLEAR,DRY,,NO JUNCTION INVOLVED,STRAIGHT/LEVEL,ASPHALT,UNSAFE LN MOVEMENT,SAME DIRECTION SIDESWIPE,EVERMILYAAVESWALNUTST,OTHER,2021-11-12 10:36:00,
426,BLOOMINGTON PD,BLOOMINGTON,2,0.0,0.0,0,0,,,,S WALNUT ST,W 3RD ST,,,,39.16464,-86.5336,LOCAL/CITY RD,N,URBAN,N,N,N,,DAYLIGHT,CLOUDY,DRY,,FOUR-WAY INTERSECTION,STRAIGHT/LEVEL,ASPHALT,UNSAFE LN MOVEMENT,SAME DIRECTION SIDESWIPE,SWALNUTSTW 3RDST,TRAFFIC CONTROL SIGNAL,2021-11-12 12:44:00,
427,MONROE SD,BLOOMINGTON,2,0.0,1.0,0,0,,,,ST RD 45,N BRUMMETTS CREEK RD,,,,39.230544,-86.42,ST RD,N,RURAL,N,N,N,,DAYLIGHT,CLOUDY,DRY,,NO JUNCTION INVOLVED,STRAIGHT/HILLCREST,ASPHALT,FAILURE TO YIELD RIGHT OF WAY,LEFT TURN,NBRUMMETTSCREEKRDST RD 45E,LN CONTROL,2021-11-12 15:03:00,
428,BLOOMINGTON PD,BLOOMINGTON,2,0.0,0.0,0,0,,,,ST RD 46,E ASTGATE LN (N),,1000.0,S,39.17024,-86.501392,ST RD,N,URBAN,N,N,N,,DAYLIGHT,CLOUDY,DRY,,NO JUNCTION INVOLVED,STRAIGHT/LEVEL,ASPHALT,FOLLOWING TOO CLOSELY,REAR END,EASTGATELNST RD 45N,LN CONTROL,2021-11-12 15:12:00,
429,BLOOMINGTON PD,BLOOMINGTON,2,,0.0,0,0,1710,,,N KINSER PK,ENTRANCE TO HOLLIDAY INN,,0.0,,,,LOCAL/CITY RD,,URBAN,N,N,N,,DAYLIGHT,CLOUDY,DRY,,T-INTERSECTION,,ASPHALT,FAILURE TO YIELD RIGHT OF WAY,LEFT TURN,NKinserPike,,2021-11-12 15:37:00,
430,MONROE SD,BLOOMINGTON,1,0.0,0.0,0,0,,,,ST RD 48,S CAVE RD,,,,39.163152,-86.629104,ST RD,N,RURAL,N,N,N,,DAYLIGHT,CLOUDY,DRY,,T-INTERSECTION,CURVE/GRADE,ASPHALT,ANIMAL/OBJECT IN RDWAY,COLLISION WITH OBJECT IN RD,CAVERDST RD 48W,NONE,2021-11-12 15:59:00,
431,ISP BLOOMINGTON 33,BLOOMINGTON,2,,0.0,0,0,,,,ST RD 45,E MARTIN DR,,422.0,,39.20404279,-86.46347337,ST RD,,RURAL,N,N,N,,DAYLIGHT,RAIN,WET,,NO JUNCTION INVOLVED,,ASPHALT,,OPPOSITE DIRECTION SIDESWIPE,StateRd45NMartinDr,,2021-11-12 16:46:00,
432,BLOOMINGTON PD,BLOOMINGTON,3,,0.0,0,0,,,,N KINSER PK,ST RD 45/46,,0.0,,,,LOCAL/CITY RD,,URBAN,N,N,N,,DAYLIGHT,CLOUDY,WET,,FOUR-WAY INTERSECTION,,ASPHALT,FOLLOWING TOO CLOSELY,REAR END,WST RD 45/46BypassNKInserPike,,2021-11-12 16:51:00,
433,MONROE SD,BLOOMINGTON,1,0.0,0.0,0,1,,,,ST RD 37,,,500.0,N,39.09434418,-86.54580002,ST RD,N,RURAL,N,N,Y,WORK ON SHOULDER,DARK (NOT LIGHTED),CLOUDY,DRY,,NO JUNCTION INVOLVED,STRAIGHT/GRADE,ASPHALT,ANIMAL/OBJECT IN RDWAY,COLLISION WITH DEER,DILLMANRDS ST RD 37,NONE,2021-11-12 17:39:00,
434,MONROE SD,BLOOMINGTON,1,0.0,0.0,0,1,,,,ST RD 37,,,1000.0,S,39.01733966,-86.53666059,ST RD,N,RURAL,N,N,N,,DARK (NOT LIGHTED),CLOUDY,DRY,,NO JUNCTION INVOLVED,STRAIGHT/GRADE,ASPHALT,ANIMAL/OBJECT IN RDWAY,COLLISION WITH DEER,MONROEDAMRDS ST RD 37,NONE,2021-11-12 18:00:00,
435,BLOOMINGTON PD,BLOOMINGTON,2,,0.0,0,0,,,,S COLLEGE MALL RD,E MOORES PK,,0.0,,,,LOCAL/CITY RD,,URBAN,N,N,N,,DARK (LIGHTED),CLEAR,DRY,,FOUR-WAY INTERSECTION,,ASPHALT,FOLLOWING TOO CLOSELY,REAR END,SCollegeMallRdEMooresPike,,2021-11-12 19:16:00,
436,BLOOMINGTON PD,BLOOMINGTON,2,,0.0,0,0,,,,S FESS AVE,E ATWATER AVE,,0.0,,,,LOCAL/CITY RD,,URBAN,N,N,N,,DARK (LIGHTED),CLOUDY,DRY,,NO JUNCTION INVOLVED,,ASPHALT,FAILURE TO YIELD RIGHT OF WAY,BACKING CRASH,SouthFessAvenueAtwaterAvenue,,2021-11-12 19:33:00,
437,ISP BLOOMINGTON 33,BLOOMINGTON,1,,0.0,0,1,,,,I-69,,,0.0,,39.07432587,-86.6446895,INTERSTATE,,RURAL,N,Y,N,,DARK (NOT LIGHTED),CLEAR,DRY,,NO JUNCTION INVOLVED,,CONCRETE,ANIMAL/OBJECT IN RDWAY,COLLISION WITH DEER,108.1MMI-69,,2021-11-12 19:45:00,
438,BLOOMINGTON PD,BLOOMINGTON,2,0.0,0.0,0,0,,,,W 3RD ST,S COLLEGE AVE,,,,39.16464,-86.534816,LOCAL/CITY RD,N,URBAN,N,N,N,,DARK (LIGHTED),CLEAR,DRY,,FOUR-WAY INTERSECTION,STRAIGHT/LEVEL,CONCRETE,FAILURE TO YIELD RIGHT OF WAY,LEFT TURN,SOUTHCOLLEGEAVEWEST3RDST,TRAFFIC CONTROL SIGNAL,2021-11-12 21:05:00,
439,MONROE SD,BLOOMINGTON,1,0.0,0.0,0,1,,,,N UNION VALLEY RD,,,500.0,N,,,COUNTY RD,N,RURAL,N,N,N,,DARK (NOT LIGHTED),CLOUDY,DRY,,NO JUNCTION INVOLVED,STRAIGHT/GRADE,ASPHALT,ANIMAL/OBJECT IN RDWAY,COLLISION WITH DEER,MCNEELYSTUNIONVALLEYRD,NONE,2021-11-12 22:30:00,
440,MONROE SD,BLOOMINGTON,1,0.0,0.0,0,0,,,,S ROCKPORT RD,,,200.0,N,,,COUNTY RD,N,RURAL,N,N,N,,DARK (NOT LIGHTED),CLEAR,DRY,,NO JUNCTION INVOLVED,CURVE/GRADE,ASPHALT,RAN OFF RD RIGHT,RAN OFF RD,HENNESSEYSTROCKPORTRD,NONE,2021-11-11 00:36:00,
441,INDIANA UNIV BLOOMINGTON PD,BLOOMINGTON,2,0.0,0.0,0,0,,,,ST RD 45/46,E 17TH ST,,,,0.0,0.0,LOCAL/CITY RD,N,URBAN,N,N,N,,DAYLIGHT,RAIN,WET,,T-INTERSECTION,STRAIGHT/LEVEL,ASPHALT,FOLLOWING TOO CLOSELY,REAR END,EAST17THSTST RD 46,LN CONTROL,2021-11-11 10:07:00,
442,BLOOMINGTON PD,BLOOMINGTON,1,0.0,0.0,0,0,,,,I-69 N,W TAPP RD,,100.0,S,0.0,0.0,INTERSTATE,N,URBAN,N,N,N,,DAYLIGHT,RAIN,WET,,NO JUNCTION INVOLVED,STRAIGHT/LEVEL,ASPHALT,RAN OFF RD RIGHT,RAN OFF RD,I-69 N116,NONE,2021-11-11 11:40:00,
443,BLOOMINGTON PD,BLOOMINGTON,2,0.0,0.0,0,0,,,,ST RD 45/46,N DUNN ST,,,,39.186352,-86.528496,ST RD,N,URBAN,N,N,N,,DAYLIGHT,RAIN,WET,,FOUR-WAY INTERSECTION,STRAIGHT/LEVEL,ASPHALT,FAILURE TO YIELD RIGHT OF WAY,RIGHT ANGLE,NDUNNSTST RD 45E,NONE,2021-11-11 14:07:00,
444,MONROE SD,BLOOMINGTON,1,0.0,1.0,0,0,617,,,S CORY LN,,,2500.0,S,39.164544,-86.560096,LOCAL/CITY RD,N,RURAL,N,N,N,,DAYLIGHT,CLEAR,DRY,,NO JUNCTION INVOLVED,CURVE/LEVEL,ASPHALT,RAN OFF RD RIGHT,RAN OFF RD,SCORYLNW 3RDST,LN CONTROL,2021-11-11 16:36:00,
445,BLOOMINGTON PD,BLOOMINGTON,2,0.0,0.0,0,0,,,,W 3RD ST,S CORY LN,,,,39.164544,-86.560096,LOCAL/CITY RD,N,URBAN,N,N,N,,DARK (LIGHTED),CLEAR,DRY,,FOUR-WAY INTERSECTION,STRAIGHT/LEVEL,ASPHALT,FOLLOWING TOO CLOSELY,REAR END,SCORYLNW 3RDST,TRAFFIC CONTROL SIGNAL,2021-11-11 18:43:00,
446,MONROE SD,BLOOMINGTON,1,0.0,0.0,0,1,,,,I-69 S,,,100.0,S,0.0,0.0,INTERSTATE,N,RURAL,N,N,N,,DARK (NOT LIGHTED),CLEAR,DRY,,NO JUNCTION INVOLVED,CURVE/GRADE,ASPHALT,ANIMAL/OBJECT IN RDWAY,COLLISION WITH DEER,I-69S129.5,LN CONTROL,2021-11-10 03:55:00,
447,ISP BLOOMINGTON 33,BLOOMINGTON,1,,0.0,0,1,,,,I-69,,,0.0,,39.07332881,-86.63697103,INTERSTATE,,RURAL,N,N,N,,DARK (NOT LIGHTED),CLEAR,DRY,,NO JUNCTION INVOLVED,,ASPHALT,ANIMAL/OBJECT IN RDWAY,COLLISION WITH DEER,108MMI-69108,,2021-11-10 06:15:00,
448,ELLETTSVILLE PD,ELLETTSVILLE,2,0.0,1.0,0,0,,,,N TABOR HILL RD,N BRDWAY AVE,,200.0,E,0.0,0.0,COUNTY RD,N,RURAL,N,N,N,,DAYLIGHT,CLEAR,DRY,,NO JUNCTION INVOLVED,CURVE/GRADE,ASPHALT,RAN OFF RD RIGHT,OPPOSITE DIRECTION SIDESWIPE,EASTONSTNTABORHILLRD,NONE,2021-11-10 08:15:00,
449,BLOOMINGTON PD,BLOOMINGTON,2,0.0,0.0,0,0,,,,E 3RD ST,S OVERHILL DR,,,,39.164272,-86.501488,LOCAL/CITY RD,N,URBAN,N,N,N,,DAYLIGHT,CLEAR,DRY,,T-INTERSECTION,STRAIGHT/LEVEL,ASPHALT,FAILURE TO YIELD RIGHT OF WAY,RIGHT ANGLE,E 3RDSTSOVERHILLDR,LN CONTROL,2021-11-10 09:15:00,
450,MONROE SD,BLOOMINGTON,2,0.0,0.0,0,0,407,,,S WESTERN DR,W BELLE AVE,,,,39.16504,-86.586528,LOCAL/CITY RD,N,URBAN,N,N,N,,DAYLIGHT,CLEAR,DRY,,NO JUNCTION INVOLVED,STRAIGHT/LEVEL,ASPHALT,RAN OFF RD RIGHT,RIGHT ANGLE,SWESTERNDR,NONE,2021-11-10 11:22:00,