_id,Agency,City,Vehicles Involved,Trailers Involved,Number Injured,Number Dead,Number Deer,House Number,Roadway Interchange,Roadway Ramp,Roadway Id,Intersecting Road,Interchange,Feet From,Direction,Latitude,Longitude,Roadway Class,Hit and Run?,Locality,School Zone?,Rumble Strips?,Construction?,Construction Type,Light Condition,Weather Conditions,Surface Condition,Type of Median,Roadway Junction Type,Road Character,Roadway Surface,Primary Factor,Manner of Collision,Unique Location Id,Traffic Control,DateTime,Address Number
948,ELLETTSVILLE PD,ELLETTSVILLE,2,0.0,0.0,0,0,,,,S SALE ST,W OAK ST,,,,39.232512,-86.626224,LOCAL/CITY RD,N,URBAN,N,N,N,,DAYLIGHT,CLEAR,DRY,,NO JUNCTION INVOLVED,STRAIGHT/HILLCREST,ASPHALT,FAILURE TO YIELD RIGHT OF WAY,LEFT TURN,OAKSTSALEST,LN CONTROL,2021-09-29 08:35:00,
949,MONROE SD,ELLETTSVILLE,2,0.0,0.0,0,0,,,,ST RD 46,N SMITH PK,,,,39.210144,-86.5832,ST RD,N,URBAN,N,N,N,,DAYLIGHT,CLEAR,DRY,,T-INTERSECTION,STRAIGHT/GRADE,ASPHALT,FOLLOWING TOO CLOSELY,REAR END,NSMITHPKST RD 46 W,NONE,2021-09-29 11:35:00,
950,BLOOMINGTON PD,BLOOMINGTON,2,0.0,0.0,0,0,,,,W 11TH ST,N LINDBERGH DR,,50.0,W,39.173235,-86.55252067,LOCAL/CITY RD,N,URBAN,N,N,N,,DAYLIGHT,CLEAR,DRY,,T-INTERSECTION,STRAIGHT/GRADE,ASPHALT,LEFT OF CENTER,OPPOSITE DIRECTION SIDESWIPE,NORTHLINDBURGHDRWEST11THST,LN CONTROL,2021-09-29 13:51:00,
951,INDIANA UNIV BLOOMINGTON PD,BLOOMINGTON,1,0.0,0.0,0,0,150,,,ENTRANCE TO EAGLESON AVE PARKING GARAGE,,,,,39.1655783,-86.5179533,UNKNOWN,N,URBAN,N,N,N,,DAYLIGHT,CLEAR,DRY,,NO JUNCTION INVOLVED,CURVE/LEVEL,ASPHALT,OTHER (DRR) - EXPLAIN IN NARRATIVE,OTHER - EXPLAIN IN NARRATIVE,NEAGLESON AVEAVE,NONE,2021-09-29 15:19:00,
952,BLOOMINGTON PD,BLOOMINGTON,2,0.0,0.0,0,0,,,,W COUNTRY CLUB DR,ENTRANCE TO GREASE MONKEY,,,,39.1359818,-86.5310843,LOCAL/CITY RD,N,URBAN,N,N,N,,DAYLIGHT,CLEAR,DRY,,FOUR-WAY INTERSECTION,STRAIGHT/LEVEL,ASPHALT,FAILURE TO YIELD RIGHT OF WAY,RIGHT ANGLE,COUNTRYCLUBDRSWALNUTST,STOP SIGN,2021-09-29 16:58:00,
953,BLOOMINGTON PD,BLOOMINGTON,2,0.0,0.0,0,0,,,,S FESS AVE,E ATWATER AVE,,50.0,S,39.163328,-86.525808,LOCAL/CITY RD,N,URBAN,N,N,N,,DAYLIGHT,CLEAR,DRY,,T-INTERSECTION,STRAIGHT/LEVEL,ASPHALT,FAILURE TO YIELD RIGHT OF WAY,LEFT TURN,ATWATERAVESOUTHFESSAVE,LN CONTROL,2021-09-29 19:08:00,
954,MONROE SD,BLOOMINGTON,2,0.0,1.0,0,0,,,,S CURRY PK,W BELLE AVE,,,,39.163552,-86.582896,COUNTY RD,N,RURAL,N,N,N,,DARK (LIGHTED),CLEAR,DRY,,T-INTERSECTION,STRAIGHT/LEVEL,ASPHALT,FOLLOWING TOO CLOSELY,REAR END,SCURRYPKWBELLEAVE,NONE,2021-09-29 19:40:00,
955,MONROE SD,BLOOMINGTON,2,0.0,0.0,0,0,,,,N HARTSTRAIT RD,,,200.0,S,0.0,0.0,LOCAL/CITY RD,N,RURAL,N,N,N,,DARK (NOT LIGHTED),CLEAR,DRY,,NO JUNCTION INVOLVED,STRAIGHT/GRADE,ASPHALT,FOLLOWING TOO CLOSELY,REAR END,NHARTSTRAITRDVERNALPK,NONE,2021-09-28 07:19:00,
956,ISP BLOOMINGTON 33,BLOOMINGTON,2,,0.0,0,0,,,,ST RD 37,,,1250.0,,39.08858608,-86.54499223,ST RD,,RURAL,N,N,Y,LN CLOSURE,DAYLIGHT,CLEAR,DRY,,NO JUNCTION INVOLVED,,ASPHALT,UNSAFE LN MOVEMENT,SAME DIRECTION SIDESWIPE,StateRd37S.WalnutSt.,,2021-09-28 08:03:00,
957,BLOOMINGTON PD,BLOOMINGTON,2,0.0,2.0,0,0,,,,S ROGERS ST,W PATTERSON DR,,,,39.153791,-86.538749,LOCAL/CITY RD,N,URBAN,N,N,N,,DAYLIGHT,CLEAR,DRY,,FOUR-WAY INTERSECTION,STRAIGHT/GRADE,ASPHALT,FAILURE TO YIELD RIGHT OF WAY,RIGHT ANGLE,PATTERSONDRROGERSST,TRAFFIC CONTROL SIGNAL,2021-09-28 09:08:00,
958,BLOOMINGTON PD,BLOOMINGTON,2,0.0,0.0,0,0,,,,E HILLSIDE DR,S WOODLAWN AVE,,,,39.15072,-86.522496,LOCAL/CITY RD,N,URBAN,Y,N,N,,DAYLIGHT,CLEAR,DRY,,T-INTERSECTION,STRAIGHT/LEVEL,ASPHALT,FAILURE TO YIELD RIGHT OF WAY,RIGHT ANGLE,EHILLSIDEDRSWOODLAWNAVE,LN CONTROL,2021-09-28 12:13:00,
959,INDIANA UNIV BLOOMINGTON PD,BLOOMINGTON,1,0.0,1.0,0,0,,,,E 10TH ST,N WOODLAWN AVE,,,,39.171632,-86.523536,LOCAL/CITY RD,N,URBAN,N,N,N,,DAYLIGHT,CLEAR,DRY,,FOUR-WAY INTERSECTION,STRAIGHT/LEVEL,ASPHALT,FAILURE TO YIELD RIGHT OF WAY,LEFT TURN,10THSTWOODLAWNAVE,TRAFFIC CONTROL SIGNAL,2021-09-28 13:06:00,
960,BLOOMINGTON PD,BLOOMINGTON,2,0.0,0.0,0,0,,,,W 3RD ST,S WALNUT ST,,,,39.16464,-86.5336,LOCAL/CITY RD,N,URBAN,N,N,Y,LN CLOSURE,DAYLIGHT,CLEAR,DRY,,FOUR-WAY INTERSECTION,STRAIGHT/LEVEL,ASPHALT,UNSAFE LN MOVEMENT,SAME DIRECTION SIDESWIPE,E 3RDSTSWALNUTST,NONE,2021-09-28 13:54:00,
961,BLOOMINGTON PD,BLOOMINGTON,2,0.0,0.0,0,0,,,,S BASSWOOD CIR (S),S BASSWOOD DR,,50.0,E,39.149456,-86.57024,LOCAL/CITY RD,N,URBAN,N,N,N,,DAYLIGHT,CLEAR,DRY,,T-INTERSECTION,STRAIGHT/LEVEL,ASPHALT,UNSAFE BACKING,BACKING CRASH,SOUTHBASSWOODCIRSOUTHBASSWOODDR,NONE,2021-09-28 14:51:00,
962,BLOOMINGTON PD,BLOOMINGTON,2,0.0,0.0,0,0,,,,E RHORER RD,S WALNUT ST,,,,39.12144,-86.526496,LOCAL/CITY RD,N,URBAN,N,N,N,,DAYLIGHT,CLEAR,DRY,,FOUR-WAY INTERSECTION,STRAIGHT/LEVEL,ASPHALT,FOLLOWING TOO CLOSELY,REAR END,ERHORERRDSWALNUTST,TRAFFIC CONTROL SIGNAL,2021-09-28 15:18:00,
963,MONROE SD,BLOOMINGTON,2,1.0,0.0,0,0,,,,ST RD 37,,,1000.0,N,39.02275305,-86.53550942,ST RD,N,RURAL,N,N,Y,LN CLOSURE,DAYLIGHT,CLEAR,DRY,,NO JUNCTION INVOLVED,STRAIGHT/GRADE,ASPHALT,FOLLOWING TOO CLOSELY,REAR END,MONROEDAMNRDS ST RD 37,NONE,2021-09-28 15:50:00,
964,BLOOMINGTON PD,BLOOMINGTON,2,0.0,0.0,0,0,,,,E 3RD ST,S ROOSEVELT ST,,,,39.164304,-86.505792,LOCAL/CITY RD,N,URBAN,N,N,N,,DAYLIGHT,CLEAR,DRY,,T-INTERSECTION,STRAIGHT/GRADE,ASPHALT,FAILURE TO YIELD RIGHT OF WAY,RIGHT ANGLE,EAST3RDSTSOUTHROOSEVELTST,LN CONTROL,2021-09-28 16:48:00,
965,BLOOMINGTON PD,BLOOMINGTON,2,0.0,0.0,0,0,3205,,,ST RD 45,ENTRANCE TO SAM'S CLUB,,,,39.144451,-86.576037,LOCAL/CITY RD,N,URBAN,N,N,N,,DAYLIGHT,CLEAR,DRY,,NO JUNCTION INVOLVED,STRAIGHT/LEVEL,ASPHALT,UNSAFE BACKING,REAR END,WSTATERD45HWY,TRAFFIC CONTROL SIGNAL,2021-09-28 16:59:00,
966,MONROE SD,BLOOMINGTON,2,0.0,0.0,0,0,,,,S WALNUT ST PK,E RHORER RD,,,,39.12144,-86.526496,LOCAL/CITY RD,N,URBAN,N,N,N,,DAYLIGHT,CLEAR,DRY,,FOUR-WAY INTERSECTION,STRAIGHT/GRADE,ASPHALT,OTHER (DRR) - EXPLAIN IN NARRATIVE,REAR END,ERHORERRDWALNUTSTPK,TRAFFIC CONTROL SIGNAL,2021-09-28 17:51:00,
967,BLOOMINGTON PD,BLOOMINGTON,2,0.0,0.0,0,0,,,,N WALNUT ST,ST RD 45/46,,,,39.186368,-86.5344,LOCAL/CITY RD,N,URBAN,N,N,N,,DAYLIGHT,CLEAR,DRY,,FOUR-WAY INTERSECTION,STRAIGHT/LEVEL,ASPHALT,FOLLOWING TOO CLOSELY,REAR END,NWALNUTSTST RD 45 W,NONE,2021-09-28 19:20:00,
968,BLOOMINGTON PD,BLOOMINGTON,2,0.0,0.0,0,0,,,,W 8TH ST,N SPRING ST,,,,39.169728,-86.5548,LOCAL/CITY RD,N,URBAN,N,N,N,,DARK (NOT LIGHTED),CLEAR,DRY,,FOUR-WAY INTERSECTION,STRAIGHT/LEVEL,ASPHALT,UNSAFE LN MOVEMENT,SAME DIRECTION SIDESWIPE,NSPRINGSTW8THST,NONE,2021-09-28 20:53:00,
969,INDIANA UNIV BLOOMINGTON PD,BLOOMINGTON,1,0.0,0.0,0,0,,,,N UNION ST,E LAW LN,,,,39.172319,-86.509656,LOCAL/CITY RD,Y,URBAN,N,N,N,,DAYLIGHT,CLEAR,DRY,,T-INTERSECTION,STRAIGHT/LEVEL,ASPHALT,FAILURE TO YIELD RIGHT OF WAY,LEFT TURN,LAWLNUNIONST,STOP SIGN,2021-09-27 08:00:00,
970,INDIANA UNIV BLOOMINGTON PD,BLOOMINGTON,2,0.0,0.0,0,0,,,,N WOODLAWN AVE,E 17TH ST,,,,39.1790372,-86.523554,LOCAL/CITY RD,N,URBAN,N,N,N,,DAYLIGHT,CLEAR,DRY,,FOUR-WAY INTERSECTION,STRAIGHT/LEVEL,ASPHALT,FOLLOWING TOO CLOSELY,REAR END,EAST17THSTWOODLAWNAVE,TRAFFIC CONTROL SIGNAL,2021-09-27 10:00:00,
971,BLOOMINGTON PD,BLOOMINGTON,2,0.0,0.0,0,0,,,,S MITCHELL ST,,,500.0,N,39.21389739,-86.514175,LOCAL/CITY RD,N,URBAN,N,N,N,,DAYLIGHT,CLEAR,DRY,,NO JUNCTION INVOLVED,STRAIGHT/LEVEL,ASPHALT,OTHER (DRR) - EXPLAIN IN NARRATIVE,REAR END,E 2NDSTSMITCHELLST,NONE,2021-09-27 10:27:00,
972,ELLETTSVILLE PD,ELLETTSVILLE,2,0.0,0.0,0,0,,,,ST RD 46,,,1500.0,W,39.245757,-86.63658604,ST RD,N,RURAL,N,N,N,,DAYLIGHT,CLEAR,DRY,,NO JUNCTION INVOLVED,STRAIGHT/LEVEL,ASPHALT,LEFT OF CENTER,OTHER - EXPLAIN IN NARRATIVE,REDHILLRDST RD 46 W,LN CONTROL,2021-09-27 10:45:00,
973,BLOOMINGTON PD,BLOOMINGTON,2,0.0,0.0,0,0,,,,N KINSER PK,W 17TH ST,,,,39.178992,-86.537792,LOCAL/CITY RD,N,URBAN,Y,N,N,,DAYLIGHT,CLEAR,DRY,,FOUR-WAY INTERSECTION,STRAIGHT/HILLCREST,ASPHALT,FOLLOWING TOO CLOSELY,REAR END,NKINSERPKW17THST,NONE,2021-09-27 11:55:00,
974,BLOOMINGTON PD,BLOOMINGTON,2,0.0,0.0,0,0,,,,N WALNUT ST,W 10TH ST,,,,39.171744,-86.53352,LOCAL/CITY RD,N,URBAN,N,N,N,,DAYLIGHT,CLEAR,DRY,,FOUR-WAY INTERSECTION,STRAIGHT/GRADE,ASPHALT,FOLLOWING TOO CLOSELY,REAR END,NORTHWALNUTSTWEST10THST,TRAFFIC CONTROL SIGNAL,2021-09-27 13:49:00,
975,BLOOMINGTON PD,BLOOMINGTON,2,0.0,0.0,0,0,,,,E ATWATER AVE,S EASTSIDE DR,,,,39.16312,-86.513088,LOCAL/CITY RD,N,URBAN,N,N,N,,DAYLIGHT,CLEAR,DRY,,FOUR-WAY INTERSECTION,STRAIGHT/GRADE,ASPHALT,FAILURE TO YIELD RIGHT OF WAY,RIGHT ANGLE,EASTATWATERAVESOUTHEASTSIDEDR,STOP SIGN,2021-09-27 15:47:00,
976,INDIANA UNIV BLOOMINGTON PD,BLOOMINGTON,2,0.0,0.0,0,0,,,,N EAGLESON AVE,E 10TH ST,,,,39.171584,-86.515629,LOCAL/CITY RD,N,URBAN,N,N,N,,DAWN/DUSK,CLEAR,DRY,,FOUR-WAY INTERSECTION,STRAIGHT/LEVEL,ASPHALT,FOLLOWING TOO CLOSELY,REAR END,EAGLESON AVEAVETENTHST,TRAFFIC CONTROL SIGNAL,2021-09-27 20:15:00,
977,BLOOMINGTON PD,BLOOMINGTON,1,0.0,0.0,0,1,,,,E HILLSIDE DR,S MAXWELL ST,,150.0,W,39.150532,-86.51509202,LOCAL/CITY RD,N,URBAN,N,N,N,,DARK (NOT LIGHTED),CLEAR,DRY,,NO JUNCTION INVOLVED,STRAIGHT/GRADE,ASPHALT,ANIMAL/OBJECT IN RDWAY,COLLISION WITH DEER,HILLSIDEDRMAXWELLST,LN CONTROL,2021-09-26 03:10:00,
978,INDIANA UNIV BLOOMINGTON PD,BLOOMINGTON,3,0.0,1.0,0,0,,,,N EAGLESON AVE,N FISHER CT,,,,39.183754,-86.516856,LOCAL/CITY RD,N,URBAN,N,N,N,,DARK (LIGHTED),CLEAR,DRY,,NO JUNCTION INVOLVED,CURVE/LEVEL,ASPHALT,RAN OFF RD RIGHT,REAR END,NFISHERCTNEAGLESON AVEAVE,NONE,2021-09-26 03:22:00,
979,BLOOMINGTON PD,BLOOMINGTON,1,0.0,0.0,0,0,,,,N DUNN ST,,,300.0,N,39.198528,-86.528624,LOCAL/CITY RD,N,URBAN,N,N,N,,DARK (NOT LIGHTED),CLEAR,DRY,,NO JUNCTION INVOLVED,STRAIGHT/LEVEL,ASPHALT,RAN OFF RD RIGHT,RAN OFF RD,EKENWOODPLNDUNNST,NONE,2021-09-26 05:25:00,
980,BLOOMINGTON PD,BLOOMINGTON,2,0.0,0.0,0,0,,,,E 13TH ST,N INDIANA AVE,,,,39.175504,-86.527104,LOCAL/CITY RD,N,URBAN,N,N,N,,DAYLIGHT,CLEAR,DRY,,FOUR-WAY INTERSECTION,STRAIGHT/LEVEL,ASPHALT,FAILURE TO YIELD RIGHT OF WAY,RIGHT ANGLE,E13THSTNINDIANAAVE,STOP SIGN,2021-09-26 05:27:00,
981,BLOOMINGTON PD,BLOOMINGTON,3,0.0,4.0,0,0,,,,ST RD 45/46,N KINSER PK,,,,39.186544,-86.537888,ST RD,N,URBAN,N,Y,N,,DAYLIGHT,CLEAR,DRY,,FOUR-WAY INTERSECTION,STRAIGHT/LEVEL,ASPHALT,FAILURE TO YIELD RIGHT OF WAY,LEFT TURN,NKINSERPKST RD 4546 W,TRAFFIC CONTROL SIGNAL,2021-09-26 13:30:00,
982,MONROE SD,BLOOMINGTON,1,1.0,0.0,0,0,,,,ST RD 48,,,500.0,W,39.16345193,-86.63082546,ST RD,N,RURAL,N,N,N,,DAYLIGHT,CLEAR,DRY,,T-INTERSECTION,CURVE/GRADE,ASPHALT,RAN OFF RD RIGHT,RAN OFF RD,CAVERDST RD 48W,NONE,2021-09-26 17:29:00,
983,BLOOMINGTON PD,BLOOMINGTON,2,0.0,0.0,0,0,,,,E ATWATER AVE,S SWAIN AVE,,,,39.163152,-86.515168,LOCAL/CITY RD,N,URBAN,N,N,N,,DAYLIGHT,CLEAR,DRY,,FOUR-WAY INTERSECTION,STRAIGHT/GRADE,ASPHALT,FAILURE TO YIELD RIGHT OF WAY,RIGHT ANGLE,ATWATERAVESWAINAVE,STOP SIGN,2021-09-26 18:00:00,
984,MONROE SD,BLOOMINGTON,1,0.0,0.0,0,0,,,,S WALNUT ST,,,1000.0,N,39.21280949,-86.531496,LOCAL/CITY RD,N,RURAL,N,N,N,,DARK (NOT LIGHTED),CLEAR,DRY,,NO JUNCTION INVOLVED,STRAIGHT/LEVEL,ASPHALT,ANIMAL/OBJECT IN RDWAY,COLLISION WITH DEER,FAIRFAXSTWALNUTST,NONE,2021-09-25 00:32:00,
985,MONROE SD,BLOOMINGTON,1,0.0,0.0,0,0,,,,ST RD 48,,,2000.0,E,39.1634378,-86.64606399,ST RD,N,RURAL,N,N,N,,DARK (NOT LIGHTED),RAIN,WET,,NO JUNCTION INVOLVED,CURVE/LEVEL,ASPHALT,SPEED TOO FAST FOR WEATHER CONDITIONS,RAN OFF RD,ST RD 48WWVERNALPK,NONE,2021-09-25 06:51:00,
986,MONROE SD,BLOOMINGTON,2,0.0,0.0,0,0,,,,S ROGERS ST,W THAT RD,,,,39.11464,-86.539392,LOCAL/CITY RD,N,URBAN,N,N,N,,DAYLIGHT,RAIN,WET,,T-INTERSECTION,STRAIGHT/LEVEL,ASPHALT,SPEED TOO FAST FOR WEATHER CONDITIONS,RIGHT ANGLE,SROGERSSTWTHATRD,LN CONTROL,2021-09-25 07:50:00,
987,MONROE SD,BLOOMINGTON,1,0.0,0.0,0,0,,,,E FARR RD,,,4000.0,E,39.306784,-86.475408,LOCAL/CITY RD,N,RURAL,N,N,N,,DAYLIGHT,CLEAR,WET,,NO JUNCTION INVOLVED,CURVE/LEVEL,ASPHALT,RAN OFF RD RIGHT,RAN OFF RD,EFARRRDNLEWISLN,NONE,2021-09-25 10:39:00,
988,BLOOMINGTON PD,BLOOMINGTON,2,0.0,0.0,0,0,,,,N COLLEGE AVE,W 8TH ST,,,,39.169552,-86.534784,LOCAL/CITY RD,N,URBAN,N,N,N,,DAYLIGHT,CLEAR,DRY,,FOUR-WAY INTERSECTION,STRAIGHT/GRADE,ASPHALT,FAILURE TO YIELD RIGHT OF WAY,RIGHT ANGLE,NCOLLEGEAVEW8THST,STOP SIGN,2021-09-25 13:53:00,
989,INDIANA UNIV BLOOMINGTON PD,BLOOMINGTON,1,0.0,0.0,0,1,,,,ST RD 45/46,E 17TH ST,,,,0.0,0.0,ST RD,N,URBAN,N,N,N,,DARK (LIGHTED),CLEAR,DRY,,NO JUNCTION INVOLVED,CURVE/LEVEL,ASPHALT,ANIMAL/OBJECT IN RDWAY,COLLISION WITH DEER,EAST17THSTST RD 46,NONE,2021-09-25 20:14:00,
990,BLOOMINGTON PD,BLOOMINGTON,2,0.0,0.0,0,0,,,,N HILLSDALE DR,,,300.0,S,39.16567744,-86.50328993,LOCAL/CITY RD,Y,URBAN,N,N,N,,DARK (NOT LIGHTED),CLEAR,DRY,,NO JUNCTION INVOLVED,STRAIGHT/GRADE,ASPHALT,DRR DISTRACTED - EXPLAIN IN NARRATIVE,REAR END,5THSTHILLSDALEDR,LN CONTROL,2021-09-24 00:57:00,
991,BLOOMINGTON PD,BLOOMINGTON,2,0.0,0.0,0,0,,,,N MORTON ST,W 11TH ST,,,,39.173216,-86.536,LOCAL/CITY RD,N,URBAN,N,N,N,,DAYLIGHT,CLEAR,DRY,,FOUR-WAY INTERSECTION,STRAIGHT/GRADE,ASPHALT,FAILURE TO YIELD RIGHT OF WAY,RIGHT ANGLE,NMORTONSTW11THST,LN CONTROL,2021-09-24 10:26:00,
992,INDIANA UNIV BLOOMINGTON PD,BLOOMINGTON,2,0.0,0.0,0,0,,,,N EAGLESON AVE,E LAW LN,,,,39.173403,-86.515448,LOCAL/CITY RD,N,URBAN,N,N,N,,DAYLIGHT,CLEAR,DRY,,FOUR-WAY INTERSECTION,STRAIGHT/LEVEL,ASPHALT,IMPROPER TURNING,RIGHT TURN,ELAWLNEAGLESON AVEAVE,TRAFFIC CONTROL SIGNAL,2021-09-24 11:39:00,
993,ISP BLOOMINGTON 33,HARRODSBURG,2,,0.0,0,0,,Y,NB,E MONROE DAM RD,ST RD 37,,0.0,,39.02000547,-86.53635256,ST RD,,RURAL,N,N,Y,LN CLOSURE,DAYLIGHT,CLEAR,DRY,,RAMP,,ASPHALT,FAILURE TO YIELD RIGHT OF WAY,SAME DIRECTION SIDESWIPE,EMonroeDamRdEMonroeDamRd,,2021-09-24 12:12:00,
994,BLOOMINGTON PD,BLOOMINGTON,2,0.0,0.0,0,0,,,,S FESS AVE,E 2ND ST,,,,39.16133399,-86.52684056,LOCAL/CITY RD,Y,URBAN,N,N,N,,DAYLIGHT,CLEAR,DRY,,FOUR-WAY INTERSECTION,STRAIGHT/LEVEL,ASPHALT,FAILURE TO YIELD RIGHT OF WAY,,E 2NDSTSFESSAVE,STOP SIGN,2021-09-24 12:15:00,
995,BLOOMINGTON PD,BLOOMINGTON,2,0.0,0.0,0,0,4023,,,ST RD 48,,,500.0,E,39.165031,-86.58352429,LOCAL/CITY RD,N,URBAN,N,N,N,,DAYLIGHT,CLEAR,DRY,,NO JUNCTION INVOLVED,STRAIGHT/LEVEL,ASPHALT,FAILURE TO YIELD RIGHT OF WAY,LEFT TURN,4000BLKW 3RDSTHICKORYDR,LN CONTROL,2021-09-24 13:25:00,
996,BLOOMINGTON PD,BLOOMINGTON,1,0.0,1.0,0,0,,,,S WALNUT ST,,,250.0,N,39.107344,-86.5264,LOCAL/CITY RD,N,URBAN,Y,N,N,,DAYLIGHT,CLEAR,DRY,,NO JUNCTION INVOLVED,CURVE/GRADE,ASPHALT,RAN OFF RD RIGHT,RAN OFF RD,SWALNUTSTPKSWALNUTST,NONE,2021-09-24 14:52:00,
997,ELLETTSVILLE PD,ELLETTSVILLE,3,0.0,0.0,0,0,,,,ST RD 46,N LAKEVIEW DR,,,,39.221152,-86.6056,ST RD,N,URBAN,N,N,N,,DAYLIGHT,CLEAR,DRY,,NO JUNCTION INVOLVED,STRAIGHT/GRADE,ASPHALT,FOLLOWING TOO CLOSELY,REAR END,LAKEVIEWDRST RD 46 W,LN CONTROL,2021-09-24 15:44:00,
998,INDIANA UNIV BLOOMINGTON PD,BLOOMINGTON,2,0.0,0.0,0,0,,,,S HAWTHORNE DR,E ATWATER AVE,,,,39.163089,-86.520197,LOCAL/CITY RD,N,URBAN,N,N,N,,DAYLIGHT,CLEAR,DRY,,FOUR-WAY INTERSECTION,STRAIGHT/LEVEL,ASPHALT,IMPROPER TURNING,LEFT TURN,ATWATERAVEHAWTHORNELN,NONE,2021-09-24 16:12:00,
999,MONROE SD,BLOOMINGTON,2,0.0,0.0,0,0,,,,N KIMBLE DR,,,520.0,S,39.171152,-86.567904,LOCAL/CITY RD,N,RURAL,N,N,N,,DAYLIGHT,CLEAR,DRY,,NO JUNCTION INVOLVED,STRAIGHT/LEVEL,CONCRETE,UNSAFE BACKING,BACKING CRASH,NKIMBLEDRWEVERGREENDR,NONE,2021-09-24 16:43:00,
1000,INDIANA UNIV BLOOMINGTON PD,BLOOMINGTON,3,0.0,1.0,0,0,,,,E 17TH ST,N INDIANA AVE,,,,39.179024,-86.52706,LOCAL/CITY RD,N,URBAN,N,N,N,,DAYLIGHT,CLEAR,DRY,,NO JUNCTION INVOLVED,STRAIGHT/LEVEL,ASPHALT,FOLLOWING TOO CLOSELY,REAR END,EAST17THSTINDIANAAVE,TRAFFIC CONTROL SIGNAL,2021-09-24 17:00:00,
1001,BLOOMINGTON PD,BLOOMINGTON,2,0.0,0.0,0,0,,,,ST RD 48,S LIBERTY DR,,300.0,W,0.0,0.0,LOCAL/CITY RD,N,URBAN,N,N,N,,DAYLIGHT,CLEAR,DRY,,NO JUNCTION INVOLVED,STRAIGHT/LEVEL,ASPHALT,FOLLOWING TOO CLOSELY,REAR END,3700W 3RDSTSLIBERTYDR,LN CONTROL,2021-09-23 09:45:00,
1002,ISP BLOOMINGTON 33,ELLETTSVILLE,2,,0.0,0,0,,,,ST RD 46,N SISCOE LN,,200.0,,39.27344081,-86.67377449,ST RD,,RURAL,N,N,N,,DAYLIGHT,CLEAR,DRY,,NO JUNCTION INVOLVED,,ASPHALT,UNSAFE SPEED,REAR END,ST RD 46NSISCOELN,,2021-09-23 10:12:00,
1003,BLOOMINGTON PD,BLOOMINGTON,2,0.0,0.0,0,0,,,,W PINEWOOD DR,,,300.0,W,39.131495,-86.53140604,LOCAL/CITY RD,N,URBAN,N,N,N,,DAYLIGHT,CLEAR,DRY,,NO JUNCTION INVOLVED,CURVE/LEVEL,ASPHALT,LEFT OF CENTER,OPPOSITE DIRECTION SIDESWIPE,SWALNUTSTWPINEWOODDR,NONE,2021-09-23 10:26:00,
1004,ISP BLOOMINGTON 33,BLOOMINGTON,2,,0.0,0,0,,Y,SB,I-69 S,W TAPP RD,,0.0,,39.13160963,-86.57296571,INTERSTATE,,RURAL,N,N,N,,DAYLIGHT,CLEAR,DRY,,NO JUNCTION INVOLVED,,CONCRETE,UNSAFE LN MOVEMENT,REAR END,I-69116,,2021-09-23 10:38:00,
1005,BLOOMINGTON PD,BLOOMINGTON,2,0.0,0.0,0,0,,,,W 2ND ST,S COLLEGE AVE,,,,39.161366,-86.534943,LOCAL/CITY RD,N,URBAN,N,N,N,,DAYLIGHT,CLEAR,DRY,,FOUR-WAY INTERSECTION,STRAIGHT/LEVEL,ASPHALT,FOLLOWING TOO CLOSELY,REAR END,SCOLLEGEAVEWSECONDST,TRAFFIC CONTROL SIGNAL,2021-09-23 15:57:00,
1006,BLOOMINGTON PD,BLOOMINGTON,2,0.0,1.0,0,0,,,,S ROGERS ST,W HILLSIDE DR,,100.0,S,39.15064,-86.538592,LOCAL/CITY RD,N,URBAN,N,N,N,,DAYLIGHT,CLEAR,DRY,,NO JUNCTION INVOLVED,STRAIGHT/LEVEL,ASPHALT,FOLLOWING TOO CLOSELY,REAR END,SROGERSSTWHILLSIDEDR,NONE,2021-09-23 17:30:00,
1007,INDIANA UNIV BLOOMINGTON PD,BLOOMINGTON,2,0.0,0.0,0,0,,,,ST RD 45/46,E DISCOVERY PKWY,,,,39.171474,-86.495398,ST RD,N,URBAN,N,N,N,,DAYLIGHT,CLEAR,DRY,,FOUR-WAY INTERSECTION,STRAIGHT/LEVEL,ASPHALT,FOLLOWING TOO CLOSELY,REAR END,DISCOVERYPKWYST RD 45S,TRAFFIC CONTROL SIGNAL,2021-09-23 18:44:00,
1008,BLOOMINGTON PD,BLOOMINGTON,2,0.0,0.0,0,0,,,,E WINSLOW RD,S WALNUT ST,,100.0,E,39.136144,-86.528688,LOCAL/CITY RD,N,URBAN,N,N,N,,DAYLIGHT,CLEAR,DRY,,NO JUNCTION INVOLVED,STRAIGHT/LEVEL,ASPHALT,FAILURE TO YIELD RIGHT OF WAY,RIGHT ANGLE,EASTWINSLOWRDSOUTHWALNUTST,LN CONTROL,2021-09-23 18:59:00,
1009,BLOOMINGTON PD,BLOOMINGTON,2,0.0,1.0,0,0,,,,S WALNUT ST,E MILLER DR,,,,39.146944,-86.532544,LOCAL/CITY RD,N,URBAN,N,N,N,,DARK (NOT LIGHTED),CLEAR,DRY,,T-INTERSECTION,STRAIGHT/LEVEL,ASPHALT,DISREGARD SIGNAL/REG SIGN,RIGHT ANGLE,EMILLERDRSWALNUTST,TRAFFIC CONTROL SIGNAL,2021-09-23 20:17:00,