_id,Agency,City,Vehicles Involved,Trailers Involved,Number Injured,Number Dead,Number Deer,House Number,Roadway Interchange,Roadway Ramp,Roadway Id,Intersecting Road,Interchange,Feet From,Direction,Latitude,Longitude,Roadway Class,Hit and Run?,Locality,School Zone?,Rumble Strips?,Construction?,Construction Type,Light Condition,Weather Conditions,Surface Condition,Type of Median,Roadway Junction Type,Road Character,Roadway Surface,Primary Factor,Manner of Collision,Unique Location Id,Traffic Control,DateTime,Address Number
1010,MONROE SD,BLOOMINGTON,1,0.0,0.0,0,0,,,,N MT TABOR RD,W WOODLAND RD,,150.0,S,39.26737727,-86.624245,LOCAL/CITY RD,N,RURAL,N,N,N,,DARK (NOT LIGHTED),RAIN,WET,,NO JUNCTION INVOLVED,STRAIGHT/GRADE,ASPHALT,ANIMAL/OBJECT IN RDWAY,COLLISION WITH OBJECT IN RD,NORTHMTTABORRDWESTWOODLANDRD,NONE,2021-09-22 06:00:00,
1011,BLOOMINGTON PD,BLOOMINGTON,2,0.0,0.0,0,0,,,,E MOORES PK,S RENWICK BLVD,,,,39.150078,-86.501128,LOCAL/CITY RD,N,URBAN,N,N,N,,DARK (LIGHTED),RAIN,WET,,TRAFFIC CIRCLE/ROUNDABOUT,CURVE/GRADE,ASPHALT,FAILURE TO YIELD RIGHT OF WAY,SAME DIRECTION SIDESWIPE,MOORESPKRENWICKBLVD,ROUNDABOUT INTERSECTION,2021-09-22 06:45:00,
1012,MONROE SD,BLOOMINGTON,2,0.0,0.0,0,0,,,,W VERNAL PK,N HARTSTRAIT RD,,,,39.186767,-86.611273,LOCAL/CITY RD,N,RURAL,N,N,N,,DARK (NOT LIGHTED),RAIN,WET,,FOUR-WAY INTERSECTION,STRAIGHT/LEVEL,ASPHALT,FAILURE TO YIELD RIGHT OF WAY,RIGHT ANGLE,NHARTSTRAITRDWVERNALPK,STOP SIGN,2021-09-22 06:50:00,
1013,BLOOMINGTON PD,BLOOMINGTON,2,0.0,0.0,0,0,,,,E WINSLOW RD,S ALLENDALE DR,,,,39.136096,-86.516,LOCAL/CITY RD,N,URBAN,N,N,N,,DAYLIGHT,RAIN,WET,,T-INTERSECTION,STRAIGHT/GRADE,ASPHALT,FOLLOWING TOO CLOSELY,REAR END,EWINSLOWRDSALLENDALEDR,NONE,2021-09-22 09:11:00,
1014,BLOOMINGTON PD,BLOOMINGTON,2,0.0,0.0,0,0,,,,N KINSER PK,W NORTHLN DR,,,,39.182644,-86.53773,LOCAL/CITY RD,N,URBAN,N,N,N,,DAYLIGHT,RAIN,WET,,T-INTERSECTION,STRAIGHT/HILLCREST,ASPHALT,SPEED TOO FAST FOR WEATHER CONDITIONS,REAR END,KINSERPKNORTHLNDR,NONE,2021-09-22 13:00:00,
1015,BLOOMINGTON PD,BLOOMINGTON,2,0.0,1.0,0,0,,,,ST RD 45,I-69 S,,,,39.0227067,-86.7230867,ST RD,N,URBAN,N,N,N,,DAYLIGHT,RAIN,WET,,FOUR-WAY INTERSECTION,STRAIGHT/LEVEL,CONCRETE,FAILURE TO YIELD RIGHT OF WAY,LEFT TURN,I-69OPASST RD 45 W,TRAFFIC CONTROL SIGNAL,2021-09-22 13:54:00,
1016,BLOOMINGTON PD,BLOOMINGTON,2,0.0,1.0,0,0,,,,S COLLEGE AVE,W 2ND ST,,,,39.161366,-86.534943,LOCAL/CITY RD,N,URBAN,N,N,N,,DAYLIGHT,RAIN,WET,,FOUR-WAY INTERSECTION,STRAIGHT/LEVEL,ASPHALT,BRAKE FAILURE OR DEFECTIVE,REAR END,SCOLLEGEAVEW 2NDST,TRAFFIC CONTROL SIGNAL,2021-09-22 13:59:00,
1017,BLOOMINGTON PD,BLOOMINGTON,2,0.0,0.0,0,0,,,,E BUICK CADILLAC BLVD,S AUTO MALL RD,,,,39.158325,-86.496141,LOCAL/CITY RD,Y,URBAN,N,N,N,,DAYLIGHT,RAIN,WET,,T-INTERSECTION,STRAIGHT/LEVEL,ASPHALT,FAILURE TO YIELD RIGHT OF WAY,LEFT TURN,AUTOMALLRDBUICKCADILLACDR,STOP SIGN,2021-09-22 14:22:00,
1018,BLOOMINGTON PD,BLOOMINGTON,3,0.0,1.0,0,0,,,,E 3RD ST,S JEFFERSON ST,,,,39.164304,-86.506992,LOCAL/CITY RD,N,URBAN,N,N,N,,DAYLIGHT,RAIN,WATER (STANDING OR MOVING),,FOUR-WAY INTERSECTION,STRAIGHT/LEVEL,ASPHALT,FOLLOWING TOO CLOSELY,REAR END,E 3RDSTSJEFFERSONST,TRAFFIC CONTROL SIGNAL,2021-09-22 15:20:00,
1019,INDIANA UNIV BLOOMINGTON PD,BLOOMINGTON,2,0.0,0.0,0,0,,,,E 3RD ST,S FESS AVE,,50.0,W,39.164448,-86.52596841,LOCAL/CITY RD,N,URBAN,N,N,N,,DAYLIGHT,RAIN,WET,,NO JUNCTION INVOLVED,STRAIGHT/LEVEL,ASPHALT,SPEED TOO FAST FOR WEATHER CONDITIONS,REAR END,3RDSTFESSAVE,NONE,2021-09-22 15:26:00,
1020,ISP BLOOMINGTON 33,BLOOMINGTON,1,,1.0,0,0,,,,I-69 N,,,0.0,,39.07096365,-86.61908814,INTERSTATE,,RURAL,N,N,N,,DAYLIGHT,RAIN,WET,,NO JUNCTION INVOLVED,,CONCRETE,,RAN OFF RD,I-69109.5,,2021-09-22 15:30:00,
1021,BLOOMINGTON PD,BLOOMINGTON,2,0.0,0.0,0,0,,,,S HENDERSON ST,E GRIMES LN,,,,39.153296,-86.526965,LOCAL/CITY RD,Y,URBAN,N,N,N,,DAYLIGHT,RAIN,WET,,FOUR-WAY INTERSECTION,STRAIGHT/LEVEL,ASPHALT,DISREGARD SIGNAL/REG SIGN,RIGHT ANGLE,EGRIMESLNSHENDERSONST,STOP SIGN,2021-09-22 15:53:00,
1022,BLOOMINGTON PD,BLOOMINGTON,2,0.0,0.0,0,0,,,,S WALNUT ST,W SMITH AVE,,,,39.162848,-86.533637,LOCAL/CITY RD,N,URBAN,N,N,N,,DAYLIGHT,RAIN,WET,,FOUR-WAY INTERSECTION,STRAIGHT/LEVEL,CONCRETE,IMPROPER TURNING,SAME DIRECTION SIDESWIPE,SOUTHWALNUTSTWESTSMITHAVE,TRAFFIC CONTROL SIGNAL,2021-09-22 15:55:00,
1023,BLOOMINGTON PD,BLOOMINGTON,2,0.0,0.0,0,0,,,,S WOODLAWN AVE,E 1ST,,,,39.177952,-86.523504,LOCAL/CITY RD,Y,URBAN,N,N,N,,DAYLIGHT,RAIN,WET,,FOUR-WAY INTERSECTION,STRAIGHT/LEVEL,ASPHALT,DISREGARD SIGNAL/REG SIGN,RIGHT ANGLE,1STSTWOODLAWNAVE,STOP SIGN,2021-09-22 16:00:00,
1024,ISP BLOOMINGTON 33,BLOOMINGTON,1,,0.0,0,0,,,,I-69 N,,,898.0,N,39.28626935,-86.52006193,INTERSTATE,,RURAL,N,N,N,,DAYLIGHT,RAIN,WET,,NO JUNCTION INVOLVED,,ASPHALT,TIRE FAILURE OR DEFECTIVE,,I-69 NB898'northof127MM,,2021-09-22 17:15:00,
1025,BLOOMINGTON PD,BLOOMINGTON,1,0.0,0.0,0,0,,120B,2,I-69 N,ST RD 45/46,,,,0.0,0.0,ST RD,N,URBAN,N,N,N,,DAYLIGHT,RAIN,WET,,RAMP,STRAIGHT/LEVEL,CONCRETE,RDWAY SURFACE CONDITION,NON-COLLISION,SR69N,NONE,2021-09-22 17:21:00,
1026,BLOOMINGTON PD,BLOOMINGTON,2,0.0,0.0,0,0,,,,E MILLER DR,S PARK AVE,,,,39.146892,-86.524284,LOCAL/CITY RD,N,URBAN,N,N,N,,DAYLIGHT,RAIN,WET,,T-INTERSECTION,STRAIGHT/GRADE,ASPHALT,FOLLOWING TOO CLOSELY,REAR END,EASTMILLERDRSOUTHPARKAVE,LN CONTROL,2021-09-22 17:34:00,
1027,MONROE SD,BLOOMINGTON,2,1.0,0.0,0,0,,,,S VICTOR PK,CLEAR CREEK TRAIL,,1000.0,S,39.11214256,-86.54786725,LOCAL/CITY RD,N,RURAL,N,N,N,,DAYLIGHT,RAIN,WET,,NO JUNCTION INVOLVED,STRAIGHT/GRADE,ASPHALT,ANIMAL/OBJECT IN RDWAY,REAR END,THATRDVICTORPK,NONE,2021-09-22 17:40:00,
1028,BLOOMINGTON PD,BLOOMINGTON,1,0.0,1.0,0,0,,,,N WOODLAWN AVE,E 11TH ST,,,,39.17344,-86.523616,LOCAL/CITY RD,N,URBAN,N,N,N,,DAYLIGHT,RAIN,WET,,FOUR-WAY INTERSECTION,STRAIGHT/GRADE,ASPHALT,DISREGARD SIGNAL/REG SIGN,COLLISION WITH OBJECT IN RD,EAST11THSTNORTHWOODLAWNAVE,STOP SIGN,2021-09-22 18:29:00,
1029,INDIANA UNIV BLOOMINGTON PD,BLOOMINGTON,2,0.0,0.0,0,0,,,,N EAGLESON AVE,E 10TH ST,,,,39.171584,-86.515629,LOCAL/CITY RD,N,URBAN,N,N,N,,DAYLIGHT,RAIN,WET,,FOUR-WAY INTERSECTION,STRAIGHT/LEVEL,ASPHALT,UNSAFE LN MOVEMENT,SAME DIRECTION SIDESWIPE,EAGLESON AVEAVETENTHST,TRAFFIC CONTROL SIGNAL,2021-09-22 18:32:00,
1030,MONROE SD,BLOOMINGTON,2,0.0,2.0,0,0,,,,S FAIRFAX RD,E SANDERS SECOND AVE,,20.0,N,39.08416443,-86.515764,COUNTY RD,N,RURAL,N,N,N,,DARK (NOT LIGHTED),RAIN,WET,,T-INTERSECTION,CURVE/LEVEL,ASPHALT,SPEED TOO FAST FOR WEATHER CONDITIONS,HEAD ON BETWEEN TWO MOTOR VEHICLES,SFAIRFAXRDSANDERS2NDAVE,NONE,2021-09-22 21:59:00,
1031,BLOOMINGTON PD,BLOOMINGTON,2,0.0,0.0,0,0,,,,E 4TH ST,,,300.0,E,39.165297,-86.53090295,LOCAL/CITY RD,N,URBAN,N,N,N,,DAYLIGHT,CLEAR,DRY,,NO JUNCTION INVOLVED,STRAIGHT/LEVEL,ASPHALT,IMPROPER LN USAGE,SAME DIRECTION SIDESWIPE,300STE4THST,NONE,2021-09-21 12:53:00,
1032,BLOOMINGTON PD,BLOOMINGTON,2,0.0,0.0,0,0,,,,N WOODLAWN AVE,E 13TH ST,,,,39.175344,-86.523488,LOCAL/CITY RD,N,URBAN,N,N,N,,DAYLIGHT,CLOUDY,DRY,,FOUR-WAY INTERSECTION,STRAIGHT/GRADE,ASPHALT,FAILURE TO YIELD RIGHT OF WAY,RIGHT ANGLE,EAST13THSTNORTHWOODLAWNAVE,STOP SIGN,2021-09-21 15:16:00,
1033,BLOOMINGTON PD,BLOOMINGTON,2,0.0,0.0,0,0,,,,N PROW RD,W ARLINGTON RD,,,,39.192352,-86.552592,LOCAL/CITY RD,N,URBAN,Y,N,N,,DAYLIGHT,CLOUDY,DRY,,T-INTERSECTION,STRAIGHT/LEVEL,ASPHALT,UNSAFE BACKING,REAR END,NPROWRDWARLINGTONRD,STOP SIGN,2021-09-21 17:09:00,
1034,ELLETTSVILLE PD,ELLETTSVILLE,2,0.0,0.0,0,0,,,,ST RD 46,N OUTBACK RD,,,,39.2153592,-86.5930113,ST RD,N,URBAN,N,N,N,,DAWN/DUSK,CLOUDY,DRY,,FOUR-WAY INTERSECTION,STRAIGHT/LEVEL,ASPHALT,DISREGARD SIGNAL/REG SIGN,RIGHT ANGLE,OUTBACKRDST RD 46 W,TRAFFIC CONTROL SIGNAL,2021-09-21 17:31:00,
1035,ISP BLOOMINGTON 33,BLOOMINGTON,2,,0.0,0,0,,,,I-69 N,,,0.0,,39.04910018,-86.67983712,INTERSTATE,,RURAL,N,N,N,,DAYLIGHT,CLOUDY,WET,,NO JUNCTION INVOLVED,,CONCRETE,UNSAFE SPEED,REAR END,I-69105,,2021-09-21 17:55:00,
1036,ISP BLOOMINGTON 33,BLOOMINGTON,1,,1.0,0,1,,,,I-69 N,,,0.0,,39.07803606,-86.58355088,INTERSTATE,,RURAL,N,N,N,,DAYLIGHT,RAIN,WET,,NO JUNCTION INVOLVED,,ASPHALT,ANIMAL/OBJECT IN RDWAY,COLLISION WITH DEER,I-69111.5,,2021-09-21 17:55:00,
1037,BLOOMINGTON PD,BLOOMINGTON,2,0.0,0.0,0,0,,,,N ROGERS ST,W KIRKWOOD AVE,,,,39.166672,-86.538608,LOCAL/CITY RD,N,URBAN,N,N,N,,DAYLIGHT,RAIN,WET,,FOUR-WAY INTERSECTION,STRAIGHT/LEVEL,ASPHALT,UNSAFE LN MOVEMENT,RIGHT ANGLE,SROGERSSTWKIRKWOODAVE,TRAFFIC CONTROL SIGNAL,2021-09-21 18:09:00,
1038,BLOOMINGTON PD,BLOOMINGTON,2,0.0,0.0,0,0,,,,W KIRKWOOD AVE,S WALNUT ST,,,,39.16664,-86.5336,LOCAL/CITY RD,N,URBAN,N,N,N,,DARK (LIGHTED),CLOUDY,DRY,,FOUR-WAY INTERSECTION,STRAIGHT/LEVEL,ASPHALT,UNSAFE BACKING,BACKING CRASH,SWALNUTSTWKIRKWOODAVE,TRAFFIC CONTROL SIGNAL,2021-09-21 19:46:00,
1039,MONROE SD,BLOOMINGTON,1,0.0,0.0,0,0,,,,E ROGERS ST,S SNODDY RD,,,,39.135778,-86.489628,COUNTY RD,N,URBAN,N,N,N,,DARK (NOT LIGHTED),RAIN,WET,,T-INTERSECTION,STRAIGHT/HILLCREST,ASPHALT,OTHER (DRR) - EXPLAIN IN NARRATIVE,RAN OFF RD,ROGERSRDSNODDYRD,STOP SIGN,2021-09-21 20:09:00,
1040,MONROE SD,BLOOMINGTON,1,0.0,0.0,0,0,,,,ST RD 46,N GETTYS CREEK RD,,,,39.162973,-86.41451,ST RD,N,RURAL,N,N,N,,DARK (NOT LIGHTED),RAIN,WET,,NO JUNCTION INVOLVED,CURVE/LEVEL,ASPHALT,RAN OFF RD RIGHT,RAN OFF RD,NGETTYSCREEKRDST RD 46 W,LN CONTROL,2021-09-21 20:59:00,
1041,INDIANA UNIV BLOOMINGTON PD,BLOOMINGTON,2,0.0,0.0,0,0,,,,N FORREST AVE (E),E 7TH ST,,,,39.168465,-86.521139,LOCAL/CITY RD,N,URBAN,N,N,N,,DARK (LIGHTED),RAIN,WET,,T-INTERSECTION,STRAIGHT/LEVEL,ASPHALT,FAILURE TO YIELD RIGHT OF WAY,RIGHT ANGLE,E7THSTNFORRESTAVE,STOP SIGN,2021-09-21 21:20:00,
1042,MONROE SD,BLOOMINGTON,2,0.0,0.0,0,0,,,,ST RD 46,N CURRY PK,,,,39.193635,-86.571374,ST RD,N,RURAL,N,N,N,,DARK (LIGHTED),RAIN,WET,,NO JUNCTION INVOLVED,STRAIGHT/GRADE,ASPHALT,DISREGARD SIGNAL/REG SIGN,LEFT/RIGHT TURN,NCURRYPKST RD 46 W,TRAFFIC CONTROL SIGNAL,2021-09-20 05:37:00,
1043,MONROE SD,BLOOMINGTON,2,0.0,0.0,0,0,,,,S CURRY PK,W ROLL AVE,,,,39.14744,-86.582592,LOCAL/CITY RD,N,URBAN,N,N,N,,DAWN/DUSK,RAIN,WET,,T-INTERSECTION,STRAIGHT/GRADE,ASPHALT,SPEED TOO FAST FOR WEATHER CONDITIONS,REAR END,SCURRYPKWROLLAVE,NONE,2021-09-20 08:08:00,
1044,ISP BLOOMINGTON 33,BLOOMINGTON,2,,0.0,0,0,,118,B,W 3RD ST,I-69 N,,0.0,,39.16464623,-86.57250649,ST RD,,URBAN,N,N,N,,DAYLIGHT,CLOUDY,WET,,NO JUNCTION INVOLVED,,CONCRETE,OTHER (VEHICLE) - EXPLAIN IN NARRATIVE,SAME DIRECTION SIDESWIPE,ST RD 48atI-69-118-B,,2021-09-20 09:31:00,
1045,ELLETTSVILLE PD,ELLETTSVILLE,2,0.0,0.0,0,0,,,,ST RD 46,N HARTSTRAIT RD,,,,39.227624,-86.615919,ST RD,Y,,N,N,N,,DAYLIGHT,CLEAR,DRY,,NO JUNCTION INVOLVED,STRAIGHT/LEVEL,ASPHALT,FAILURE TO YIELD RIGHT OF WAY,LEFT TURN,HARTSTRAITRDST RD 46 W,TRAFFIC CONTROL SIGNAL,2021-09-20 10:10:00,
1046,BLOOMINGTON PD,BLOOMINGTON,2,0.0,0.0,0,0,,,,S ADAMS ST,W KIRKWOOD AVE,,100.0,S,39.1665549,-86.54959749,LOCAL/CITY RD,Y,URBAN,N,N,N,,DAYLIGHT,CLOUDY,DRY,,NO JUNCTION INVOLVED,CURVE/GRADE,ASPHALT,IMPROPER LN USAGE,OPPOSITE DIRECTION SIDESWIPE,ADAMSSTKIRKWOODAVE,LN CONTROL,2021-09-20 10:20:00,
1047,ISP BLOOMINGTON 33,BLOOMINGTON,2,,0.0,0,0,,,,I-69 S,,,704.0,,39.13423474,-86.57331652,INTERSTATE,,URBAN,N,N,N,,DAYLIGHT,CLOUDY,DRY,,NO JUNCTION INVOLVED,,ASPHALT,UNSAFE LN MOVEMENT,SAME DIRECTION SIDESWIPE,116MMI-69SB,,2021-09-20 11:40:00,
1048,BLOOMINGTON PD,BLOOMINGTON,2,0.0,1.0,0,0,,,,N SMITH RD,E MORNINGSIDE DR,,,,39.166432,-86.4812,LOCAL/CITY RD,N,URBAN,N,N,N,,DAYLIGHT,RAIN,WET,,FOUR-WAY INTERSECTION,CURVE/GRADE,ASPHALT,FOLLOWING TOO CLOSELY,REAR END,EMORNINGSIDEDRSSMITHRD,LN CONTROL,2021-09-20 13:55:00,
1049,INDIANA UNIV BLOOMINGTON PD,BLOOMINGTON,2,0.0,1.0,0,0,,,,N FEE LN,N EAGLESON AVE,,,,39.18375035,-86.51637809,LOCAL/CITY RD,N,URBAN,N,N,N,,DAYLIGHT,RAIN,WET,,FOUR-WAY INTERSECTION,STRAIGHT/LEVEL,ASPHALT,FOLLOWING TOO CLOSELY,REAR END,FEELNEAGLESON AVEAVE,STOP SIGN,2021-09-20 14:08:00,
1050,BLOOMINGTON PD,BLOOMINGTON,2,0.0,0.0,0,0,,,,N KINSER PK,W PARRISH RD,,,,39.188144,-86.5376,LOCAL/CITY RD,N,URBAN,N,N,N,,DAYLIGHT,RAIN,WET,,T-INTERSECTION,STRAIGHT/GRADE,ASPHALT,FOLLOWING TOO CLOSELY,REAR END,NORTHKINSERPKWESTPARRISHRD,LN CONTROL,2021-09-20 15:23:00,
1051,BLOOMINGTON PD,BLOOMINGTON,2,0.0,1.0,0,0,,,,S CURRY PK,ST RD 45,,,,0.0,0.0,,Y,URBAN,N,N,N,,DAYLIGHT,RAIN,WET,,FOUR-WAY INTERSECTION,STRAIGHT/LEVEL,ASPHALT,FOLLOWING TOO CLOSELY,REAR END,CURRYPKST RD 48,TRAFFIC CONTROL SIGNAL,2021-09-20 15:30:00,
1052,MONROE SD,BLOOMINGTON,2,0.0,0.0,0,0,,116,S,I-69 S,W TAPP RD,,,,0.0,0.0,INTERSTATE,N,RURAL,N,N,N,,DAYLIGHT,CLOUDY,DRY,,RAMP,STRAIGHT/LEVEL,ASPHALT,FOLLOWING TOO CLOSELY,REAR END,I-69S,NONE,2021-09-20 15:48:00,
1053,INDIANA UNIV BLOOMINGTON PD,BLOOMINGTON,1,0.0,0.0,0,0,,,,N HEADLEY RD,,,200.0,S,39.16857254,-86.514522,LOCAL/CITY RD,N,URBAN,N,N,N,,DAYLIGHT,RAIN,WET,,NO JUNCTION INVOLVED,CURVE/HILLCREST,ASPHALT,OVERCORRECTING/OVERSTEERING,RAN OFF RD,HEADLYRDTREADWELLLN,NONE,2021-09-20 15:55:00,
1054,BLOOMINGTON PD,BLOOMINGTON,2,0.0,0.0,0,0,,,,W 3RD ST,S MULLER PKWY,,200.0,E,39.164469,-86.56272631,LOCAL/CITY RD,Y,URBAN,N,N,N,,DAYLIGHT,CLOUDY,WET,,NO JUNCTION INVOLVED,STRAIGHT/LEVEL,ASPHALT,UNSAFE LN MOVEMENT,SAME DIRECTION SIDESWIPE,SMULLERPKWYW 3RDST,NONE,2021-09-20 16:23:00,
1055,BLOOMINGTON PD,BLOOMINGTON,2,0.0,2.0,0,0,,,,ST RD 45/46,N KINSER PK,,,,39.186544,-86.537888,ST RD,N,URBAN,N,Y,N,,DAYLIGHT,CLOUDY,WET,,FOUR-WAY INTERSECTION,STRAIGHT/LEVEL,ASPHALT,FAILURE TO YIELD RIGHT OF WAY,LEFT TURN,NKINSERPKST RD 4546E,TRAFFIC CONTROL SIGNAL,2021-09-20 16:55:00,
1056,BLOOMINGTON PD,BLOOMINGTON,2,0.0,1.0,0,0,,,,S SARE RD,E DAVID DR,,150.0,S,39.12272488,-86.496552,LOCAL/CITY RD,N,URBAN,N,N,N,,DARK (NOT LIGHTED),CLOUDY,MUDDY,,T-INTERSECTION,STRAIGHT/HILLCREST,ASPHALT,FOLLOWING TOO CLOSELY,REAR END,EASTDAVIDDRSOUTHSARERD,LN CONTROL,2021-09-20 20:32:00,
1057,MONROE SD,BLOOMINGTON,1,0.0,0.0,0,0,3270,,,E ROBINSON RD,,,,,39.240678,-86.497539,COUNTY RD,N,RURAL,N,N,N,,DARK (NOT LIGHTED),CLOUDY,DRY,,NO JUNCTION INVOLVED,CURVE/GRADE,ASPHALT,RAN OFF RD RIGHT,RAN OFF RD,ROBINSONRD,NONE,2021-09-20 23:15:00,
1058,BLOOMINGTON PD,BLOOMINGTON,3,0.0,0.0,0,0,,,,ST RD 46,E 7TH ST,,,,39.167648,-86.500096,ST RD,N,URBAN,N,N,N,,DAYLIGHT,CLEAR,DRY,,NO JUNCTION INVOLVED,STRAIGHT/GRADE,ASPHALT,FOLLOWING TOO CLOSELY,REAR END,7THSTST RD 46E,NONE,2021-09-19 00:28:00,
1059,MONROE SD,BLOOMINGTON,1,0.0,1.0,0,0,7155,,,ST RD 45,,,100.0,W,39.22755771,-86.43445148,ST RD,N,URBAN,N,N,N,,DARK (NOT LIGHTED),CLEAR,DRY,,NO JUNCTION INVOLVED,CURVE/GRADE,ASPHALT,RAN OFF RD RIGHT,RAN OFF RD,SKIRVINLNST RD 45E,LN CONTROL,2021-09-19 00:35:00,
1060,MONROE SD,BLOOMINGTON,1,0.0,0.0,0,0,,,,I-69 S,,,0.0,S,0.0,0.0,ST RD,N,URBAN,N,N,N,,DARK (NOT LIGHTED),CLEAR,DRY,,NO JUNCTION INVOLVED,STRAIGHT/LEVEL,ASPHALT,DRR ASLEEP OR FATIGUED,RAN OFF RD,SR69S119.0,LN CONTROL,2021-09-19 02:40:00,
1061,BLOOMINGTON PD,BLOOMINGTON,2,0.0,0.0,0,0,,,,ST RD 46,E 7TH ST,,,,39.17429126,-86.50342273,ST RD,N,URBAN,N,N,N,,DAYLIGHT,CLEAR,DRY,,T-INTERSECTION,STRAIGHT/LEVEL,ASPHALT,FOLLOWING TOO CLOSELY,REAR END,RANGERDST RD 45,NONE,2021-09-19 14:15:00,
1062,BLOOMINGTON PD,BLOOMINGTON,2,0.0,0.0,0,0,,,,N WILLIS DR,W 17TH ST,,,,39.179104,-86.544016,LOCAL/CITY RD,N,URBAN,N,N,N,,DAYLIGHT,CLEAR,DRY,,T-INTERSECTION,STRAIGHT/LEVEL,ASPHALT,IMPROPER TURNING,HEAD ON BETWEEN TWO MOTOR VEHICLES,NWILLISDRW17THST,STOP SIGN,2021-09-19 15:16:00,
1063,BLOOMINGTON PD,BLOOMINGTON,3,0.0,0.0,0,0,,,,S COLLEGE MALL RD,E 2ND ST,,100.0,S,39.15035845,-86.4977835,LOCAL/CITY RD,N,URBAN,N,N,N,,DAYLIGHT,CLEAR,DRY,,FOUR-WAY INTERSECTION,STRAIGHT/LEVEL,ASPHALT,UNSAFE LN MOVEMENT,SAME DIRECTION SIDESWIPE,E 2NDSTSCOLLEGEMALLRD,TRAFFIC CONTROL SIGNAL,2021-09-19 16:57:00,
1064,BLOOMINGTON PD,BLOOMINGTON,2,0.0,0.0,0,0,,,,S BASSWOOD DR,W BLOOMFIELD RD,,100.0,N,39.16038765,-86.5689428,LOCAL/CITY RD,N,URBAN,N,N,N,,DAWN/DUSK,CLOUDY,WET,,FOUR-WAY INTERSECTION,CURVE/LEVEL,ASPHALT,RDWAY SURFACE CONDITION,OPPOSITE DIRECTION SIDESWIPE,BASSWOODDRBLOOMFIELDRD,NONE,2021-09-19 19:24:00,
1065,INDIANA UNIV BLOOMINGTON PD,BLOOMINGTON,2,0.0,0.0,0,0,,,,ST RD 45/46,E DISCOVERY PKWY,,70.0,S,39.21848986,-86.61344224,ST RD,N,URBAN,N,N,N,,DAYLIGHT,CLEAR,DRY,,NO JUNCTION INVOLVED,STRAIGHT/LEVEL,ASPHALT,FOLLOWING TOO CLOSELY,REAR END,DISCOVERYPKWYST RD 46S,NONE,2021-09-19 23:56:00,
1066,INDIANA UNIV BLOOMINGTON PD,BLOOMINGTON,2,0.0,0.0,0,0,,,,E 10TH ST,N FEE LN,,,,39.171606,-86.519002,LOCAL/CITY RD,N,URBAN,N,N,N,,DARK (LIGHTED),CLEAR,DRY,,NO JUNCTION INVOLVED,STRAIGHT/LEVEL,ASPHALT,DRR DISTRACTED - EXPLAIN IN NARRATIVE,REAR END,FEELNTENTHST,NONE,2021-09-18 00:13:00,
1067,BLOOMINGTON PD,BLOOMINGTON,2,0.0,0.0,0,0,,,,N LINCOLN ST,E 9TH ST,,,,39.170544,-86.530992,LOCAL/CITY RD,N,URBAN,N,N,N,,DARK (LIGHTED),CLEAR,DRY,,T-INTERSECTION,STRAIGHT/GRADE,ASPHALT,IMPROPER LN USAGE,SAME DIRECTION SIDESWIPE,9THSTNLINCOLNST,NONE,2021-09-18 01:40:00,
1068,BLOOMINGTON PD,BLOOMINGTON,2,0.0,0.0,0,0,501,,,E DODDS ST,S DUNN ST,,,,39.157634,-86.527924,LOCAL/CITY RD,Y,URBAN,N,N,N,,DAYLIGHT,CLEAR,DRY,,NO JUNCTION INVOLVED,STRAIGHT/LEVEL,ASPHALT,FAILURE TO YIELD RIGHT OF WAY,,EDODDSST,NONE,2021-09-18 10:00:00,
1069,BLOOMINGTON PD,BLOOMINGTON,3,0.0,2.0,0,0,,,,ST RD 46,ST RD 46,,,,39.16424,-86.4984,ST RD,N,URBAN,N,N,N,,DAYLIGHT,CLEAR,DRY,,FOUR-WAY INTERSECTION,STRAIGHT/LEVEL,ASPHALT,DRR ILLNESS,LEFT TURN,COLLEGEMALLRDST RD 46 W,TRAFFIC CONTROL SIGNAL,2021-09-18 10:51:00,
1070,BLOOMINGTON PD,BLOOMINGTON,2,0.0,0.0,0,0,,,,W ALLEN ST,,,500.0,W,39.155952,-86.550592,LOCAL/CITY RD,N,URBAN,N,N,N,,DAYLIGHT,CLEAR,DRY,,NO JUNCTION INVOLVED,STRAIGHT/GRADE,ASPHALT,LEFT OF CENTER,OPPOSITE DIRECTION SIDESWIPE,SADAMSSTWALLENST,LN CONTROL,2021-09-18 11:00:00,
1071,ELLETTSVILLE PD,ELLETTSVILLE,2,0.0,0.0,0,0,,,,ST RD 46,N UNION VALLEY RD,,,,39.215152,-86.5928,ST RD,N,URBAN,N,N,N,,DAYLIGHT,CLEAR,DRY,,NO JUNCTION INVOLVED,STRAIGHT/LEVEL,ASPHALT,FOLLOWING TOO CLOSELY,REAR END,ST RD 46 WUNIONVALLEYDR,TRAFFIC CONTROL SIGNAL,2021-09-18 11:53:00,