_id,Agency,City,Vehicles Involved,Trailers Involved,Number Injured,Number Dead,Number Deer,House Number,Roadway Interchange,Roadway Ramp,Roadway Id,Intersecting Road,Interchange,Feet From,Direction,Latitude,Longitude,Roadway Class,Hit and Run?,Locality,School Zone?,Rumble Strips?,Construction?,Construction Type,Light Condition,Weather Conditions,Surface Condition,Type of Median,Roadway Junction Type,Road Character,Roadway Surface,Primary Factor,Manner of Collision,Unique Location Id,Traffic Control,DateTime,Address Number
1072,MONROE SD,BLOOMINGTON,1,0.0,0.0,0,0,,,,ST RD 37,,,1000.0,S,0.0,0.0,,Y,RURAL,N,N,Y,LN CLOSURE,DAYLIGHT,CLEAR,DRY,,NO JUNCTION INVOLVED,CURVE/LEVEL,ASPHALT,OTHER (DRR) - EXPLAIN IN NARRATIVE,OTHER - EXPLAIN IN NARRATIVE,S ST RD 37WVICTORPK,NONE,2021-09-18 15:30:00,
1073,BLOOMINGTON PD,BLOOMINGTON,2,0.0,0.0,0,0,,,,N WALNUT ST,W KIRKWOOD AVE,,,,39.16664,-86.5336,LOCAL/CITY RD,N,URBAN,N,N,N,,DAYLIGHT,CLEAR,DRY,,FOUR-WAY INTERSECTION,STRAIGHT/LEVEL,ASPHALT,UNSAFE LN MOVEMENT,SAME DIRECTION SIDESWIPE,NWALNUTSTWKIRKWOODAVE,TRAFFIC CONTROL SIGNAL,2021-09-18 16:39:00,
1074,BLOOMINGTON PD,BLOOMINGTON,2,0.0,0.0,0,0,,,,N WASHINGTON ST,E 12TH ST,,,,39.174368,-86.5324,LOCAL/CITY RD,Y,URBAN,N,N,N,,UNKNOWN,CLEAR,DRY,,T-INTERSECTION,STRAIGHT/LEVEL,ASPHALT,UNSAFE BACKING,BACKING CRASH,E12THSTNWASHINGTONST,NONE,2021-09-18 17:11:00,
1075,MONROE SD,BLOOMINGTON,2,0.0,0.0,0,0,5736,,,ST RD 46,,,,,39.16354,-86.44873,UNKNOWN,N,RURAL,N,N,N,,DARK (NOT LIGHTED),CLEAR,DRY,,NO JUNCTION INVOLVED,CURVE/GRADE,ASPHALT,UNSAFE BACKING,RIGHT ANGLE,ESTRD46HWY,LN CONTROL,2021-09-18 23:00:00,
1076,INDIANA UNIV BLOOMINGTON PD,BLOOMINGTON,2,0.0,0.0,0,0,,,,N DUNN ST,ENTRANCE TO IU  9,,450.0,N,39.23059733,-86.52834,LOCAL/CITY RD,N,URBAN,N,N,N,,DARK (LIGHTED),CLEAR,DRY,,NO JUNCTION INVOLVED,STRAIGHT/LEVEL,ASPHALT,DRR DISTRACTED - EXPLAIN IN NARRATIVE,REAR END,DUNNSTEVARSITYLN,LN CONTROL,2021-09-18 23:29:00,
1077,BLOOMINGTON PD,BLOOMINGTON,4,0.0,0.0,0,0,,,,E 3RD ST,S HILLSDALE DR,,500.0,W,39.16424,-86.50260174,LOCAL/CITY RD,N,URBAN,N,N,N,,DAYLIGHT,CLEAR,DRY,,NO JUNCTION INVOLVED,STRAIGHT/LEVEL,ASPHALT,FOLLOWING TOO CLOSELY,REAR END,3RDSTHILLSDALEDR,NONE,2021-09-17 00:08:00,
1078,MONROE SD,BLOOMINGTON,1,0.0,0.0,0,0,,,,E ROBINSON RD,,,200.0,W,39.251056,-86.469904,COUNTY RD,N,RURAL,N,N,N,,DAYLIGHT,CLEAR,DRY,,NO JUNCTION INVOLVED,CURVE/GRADE,ASPHALT,RAN OFF RD RIGHT,RAN OFF RD,EROBINSONRDNMILLERRD,LN CONTROL,2021-09-17 07:39:00,
1079,INDIANA UNIV BLOOMINGTON PD,BLOOMINGTON,2,0.0,0.0,0,0,,,,E 3RD ST,N UNION ST,,,,39.164352,-86.5088,LOCAL/CITY RD,N,URBAN,N,N,N,,DAYLIGHT,CLEAR,DRY,,T-INTERSECTION,STRAIGHT/LEVEL,ASPHALT,DISREGARD SIGNAL/REG SIGN,LEFT TURN,3RDSTUNIONST,STOP SIGN,2021-09-17 08:03:00,
1080,INDIANA UNIV BLOOMINGTON PD,BLOOMINGTON,3,0.0,0.0,0,0,,,,E 10TH ST,N WALNUT GROVE ST,,,,39.17162,-86.520984,LOCAL/CITY RD,N,URBAN,N,N,N,,DAYLIGHT,CLEAR,DRY,,NO JUNCTION INVOLVED,STRAIGHT/LEVEL,ASPHALT,FOLLOWING TOO CLOSELY,REAR END,TENTHSTWALNUTGROVEST,NONE,2021-09-17 08:35:00,
1081,BLOOMINGTON PD,BLOOMINGTON,2,0.0,0.0,0,0,,,,S PATTERSON DR,W ISAACS DR,,,,39.16342,-86.551249,LOCAL/CITY RD,N,URBAN,Y,N,N,,DAYLIGHT,CLEAR,DRY,,FOUR-WAY INTERSECTION,STRAIGHT/LEVEL,ASPHALT,FAILURE TO YIELD RIGHT OF WAY,RIGHT ANGLE,SPATTERSONDRW 3RDST,STOP SIGN,2021-09-17 10:16:00,
1082,MONROE SD,BLOOMINGTON,2,0.0,0.0,0,0,,,,N HARTSTRAIT RD,W RATLIFF RD,,,,39.209109,-86.611378,LOCAL/CITY RD,N,RURAL,N,N,N,,DAYLIGHT,CLEAR,DRY,,T-INTERSECTION,STRAIGHT/HILLCREST,ASPHALT,FAILURE TO YIELD RIGHT OF WAY,RIGHT ANGLE,NHARTSTRAITRDWRATLIFFRD,NONE,2021-09-17 10:24:00,
1083,BLOOMINGTON PD,BLOOMINGTON,2,0.0,0.0,0,0,,,,E 16TH ST,N LINCOLN ST,,600.0,E,39.177792,-86.530864,LOCAL/CITY RD,N,URBAN,N,N,N,,DAYLIGHT,CLEAR,DRY,,NO JUNCTION INVOLVED,STRAIGHT/HILLCREST,ASPHALT,OTHER (VEHICLE) - EXPLAIN IN NARRATIVE,SAME DIRECTION SIDESWIPE,E16THSTNLINCOLNST,NONE,2021-09-17 10:58:00,
1084,BLOOMINGTON PD,BLOOMINGTON,2,0.0,0.0,0,0,,,,N WALNUT ST,ST RD 45/46,,,,39.186368,-86.5344,LOCAL/CITY RD,Y,URBAN,Y,,N,,DAYLIGHT,CLEAR,DRY,,FOUR-WAY INTERSECTION,STRAIGHT/GRADE,ASPHALT,UNSAFE LN MOVEMENT,SAME DIRECTION SIDESWIPE,NORTHWALNUTSTWESTSTATERD4546BYP,TRAFFIC CONTROL SIGNAL,2021-09-17 11:40:00,
1085,BLOOMINGTON PD,BLOOMINGTON,2,0.0,1.0,0,0,,,,ST RD 46,E ASTGATE LN (N),,,,39.17024,-86.501392,ST RD,N,URBAN,N,N,N,,DAYLIGHT,CLEAR,DRY,,T-INTERSECTION,STRAIGHT/GRADE,CONCRETE,FOLLOWING TOO CLOSELY,REAR END,EASTGATELNST RD 46E,LN CONTROL,2021-09-17 12:05:00,
1086,BLOOMINGTON PD,BLOOMINGTON,2,0.0,0.0,0,0,,,,W 17TH ST,N WOODBURN AVE,,,,39.178976,-86.536032,LOCAL/CITY RD,N,URBAN,N,N,N,,DAYLIGHT,CLEAR,DRY,,FOUR-WAY INTERSECTION,STRAIGHT/GRADE,ASPHALT,FOLLOWING TOO CLOSELY,SAME DIRECTION SIDESWIPE,NWOODBURNAVEW17THST,NONE,2021-09-17 12:05:00,
1087,INDIANA UNIV BLOOMINGTON PD,BLOOMINGTON,4,0.0,0.0,0,0,,,,E 17TH ST,N DUNN ST,,,,39.178993,-86.528324,LOCAL/CITY RD,N,URBAN,N,N,N,,DAYLIGHT,CLEAR,DRY,,FOUR-WAY INTERSECTION,STRAIGHT/LEVEL,ASPHALT,FAILURE TO YIELD RIGHT OF WAY,LEFT TURN,DUNNSTEAST17THST,TRAFFIC CONTROL SIGNAL,2021-09-17 13:12:00,
1088,BLOOMINGTON PD,BLOOMINGTON,2,0.0,0.0,0,0,,,,N PETE LLIS DR,E LONGVIEW AVE,,,,39.166944,-86.495056,LOCAL/CITY RD,N,URBAN,N,N,N,,DAYLIGHT,CLEAR,DRY,,FOUR-WAY INTERSECTION,STRAIGHT/LEVEL,ASPHALT,FAILURE TO YIELD RIGHT OF WAY,RIGHT ANGLE,ELONGVIEWDRNPETEELLISDR,STOP SIGN,2021-09-17 15:45:00,
1089,INDIANA UNIV BLOOMINGTON PD,BLOOMINGTON,2,0.0,0.0,0,0,,,,E 17TH ST,N WALNUT GROVE ST,,,,39.179039,-86.521096,UNKNOWN,N,URBAN,N,N,N,,DARK (LIGHTED),CLEAR,DRY,,NO JUNCTION INVOLVED,STRAIGHT/LEVEL,ASPHALT,UNSAFE BACKING,BACKING CRASH,EAST17THSTWALNUTGROVEST,NONE,2021-09-17 22:30:00,
1090,MONROE SD,ELLETTSVILLE,1,0.0,0.0,0,0,,,,N UNION VALLEY RD,W CRESTWOOD DR,,,,39.217648,-86.5928,LOCAL/CITY RD,N,URBAN,N,N,N,,DARK (NOT LIGHTED),CLEAR,DRY,,T-INTERSECTION,STRAIGHT/GRADE,ASPHALT,RAN OFF RD RIGHT,RAN OFF RD,NUNIONVALLEYRDWCRESTWOODDR,NONE,2021-09-16 06:47:00,
1091,BLOOMINGTON PD,BLOOMINGTON,1,0.0,0.0,0,0,,,,I-69 N,,,2500.0,S,38.87219324,-86.55027809,ST RD,N,URBAN,N,N,N,,DAWN/DUSK,CLOUDY,DRY,,NO JUNCTION INVOLVED,STRAIGHT/LEVEL,ASPHALT,OVERCORRECTING/OVERSTEERING,RAN OFF RD,SR69NWTAPPRD,NONE,2021-09-16 06:50:00,
1092,BLOOMINGTON PD,BLOOMINGTON,2,0.0,1.0,0,0,,,,N WALNUT ST,ENTRANCE TO SPEEDWAY GAS STATION,,1000.0,S,39.19421486,-86.5333962,LOCAL/CITY RD,N,URBAN,N,N,N,,DAWN/DUSK,CLEAR,DRY,,NO JUNCTION INVOLVED,STRAIGHT/LEVEL,ASPHALT,FOLLOWING TOO CLOSELY,REAR END,BLUERIDGEDRWALNUTST,NONE,2021-09-16 06:56:00,
1093,BLOOMINGTON PD,BLOOMINGTON,2,0.0,1.0,0,0,,,,S PATTERSON DR,W ISAACS DR,,,,39.16342,-86.551249,LOCAL/CITY RD,N,URBAN,N,N,N,,DAYLIGHT,CLOUDY,DRY,,FOUR-WAY INTERSECTION,STRAIGHT/LEVEL,ASPHALT,FAILURE TO YIELD RIGHT OF WAY,HEAD ON BETWEEN TWO MOTOR VEHICLES,SPATTERSONDRW 3RDST,LN CONTROL,2021-09-16 09:27:00,
1094,MONROE SD,BLOOMINGTON,1,0.0,0.0,0,0,,,,ST RD 446,E MERRITT DR,,900.0,N,39.19472811,-86.4252816,ST RD,N,RURAL,N,N,N,,DAYLIGHT,CLEAR,DRY,,NO JUNCTION INVOLVED,CURVE/LEVEL,ASPHALT,ANIMAL/OBJECT IN RDWAY,RAN OFF RD,EMERRITTDRST RD 446S,NONE,2021-09-16 11:49:00,
1095,BLOOMINGTON PD,BLOOMINGTON,2,0.0,0.0,0,0,,,,N COLLEGE AVE,W 6TH ST,,200.0,N,39.167648,-86.534784,LOCAL/CITY RD,N,URBAN,N,N,N,,DAYLIGHT,CLEAR,DRY,,FOUR-WAY INTERSECTION,STRAIGHT/LEVEL,ASPHALT,OVERSIZE/OVERWEIGHT LOAD,SAME DIRECTION SIDESWIPE,NCOLLEGEAVEW6THST,TRAFFIC CONTROL SIGNAL,2021-09-16 12:34:00,
1096,BLOOMINGTON PD,BLOOMINGTON,2,0.0,0.0,0,0,,,,W 17TH ST,N WOODBURN AVE,,,,39.178976,-86.536032,LOCAL/CITY RD,N,URBAN,N,N,N,,DAYLIGHT,CLEAR,DRY,,NO JUNCTION INVOLVED,CURVE/LEVEL,ASPHALT,IMPROPER LN USAGE,SAME DIRECTION SIDESWIPE,NWOODBURNAVEW17THST,NONE,2021-09-16 12:37:00,
1097,BLOOMINGTON PD,BLOOMINGTON,3,0.0,0.0,0,0,,,,W 2ND ST,S EUCLID AVE,,,,39.1616,-86.543296,LOCAL/CITY RD,N,URBAN,N,N,N,,DAYLIGHT,CLEAR,DRY,,T-INTERSECTION,STRAIGHT/LEVEL,ASPHALT,FOLLOWING TOO CLOSELY,REAR END,SEUCLIDAVEW 2NDST,NONE,2021-09-16 15:04:00,
1098,ELLETTSVILLE PD,ELLETTSVILLE,1,0.0,0.0,0,0,,,,ST RD 46,BRIAR GATE DR,,,,39.216569,-86.596334,ST RD,N,URBAN,N,N,N,,DAYLIGHT,CLEAR,DRY,,T-INTERSECTION,STRAIGHT/LEVEL,ASPHALT,OTHER (VEHICLE) - EXPLAIN IN NARRATIVE,OTHER - EXPLAIN IN NARRATIVE,BRIARGATEDRST RD 46 W,NONE,2021-09-16 16:09:00,
1099,MONROE SD,ELLETTSVILLE,2,0.0,0.0,0,0,,,,N MATTHEWS DR,,,900.0,W,39.252103,-86.62057104,LOCAL/CITY RD,N,RURAL,N,N,N,,DAYLIGHT,CLEAR,DRY,,T-INTERSECTION,CURVE/GRADE,ASPHALT,OTHER (DRR) - EXPLAIN IN NARRATIVE,SAME DIRECTION SIDESWIPE,NMATTHEWSDRWDELAPRD,NONE,2021-09-16 16:25:00,
1100,MONROE SD,BLOOMINGTON,2,0.0,1.0,0,0,,,,S WALNUT ST,ENTRANCE TO CLEAR CREEK CROSSING (S),,500.0,S,39.06864902,-86.531363,ST RD,N,RURAL,N,N,N,,DAYLIGHT,CLEAR,DRY,,NO JUNCTION INVOLVED,STRAIGHT/LEVEL,CONCRETE,FAILURE TO YIELD RIGHT OF WAY,RIGHT ANGLE,ERHORERRDS ST RD 37,NONE,2021-09-16 16:35:00,
1101,INDIANA UNIV BLOOMINGTON PD,BLOOMINGTON,3,0.0,0.0,0,0,,,,ST RD 45/46,E DISCOVERY PKWY,,,,39.22590355,-86.61344224,ST RD,N,URBAN,N,N,N,,DAYLIGHT,CLEAR,DRY,,INTERCHANGE,STRAIGHT/LEVEL,ASPHALT,FOLLOWING TOO CLOSELY,REAR END,DISCOVERYPKWYST RD 46S,TRAFFIC CONTROL SIGNAL,2021-09-16 17:40:00,
1102,MONROE SD,BLOOMINGTON,1,0.0,1.0,0,0,,,,E SMITHVILLE RD,,,200.0,E,39.071056,-86.5356,LOCAL/CITY RD,N,RURAL,N,N,N,,DAYLIGHT,CLEAR,DRY,,FOUR-WAY INTERSECTION,STRAIGHT/LEVEL,ASPHALT,RAN OFF RD RIGHT,RAN OFF RD,ESMITHVILLERDS ST RD 37,NONE,2021-09-16 18:17:00,
1103,BLOOMINGTON PD,BLOOMINGTON,2,0.0,0.0,0,0,,,,N WALNUT ST,W 7TH ST,,,,39.16864,-86.533568,LOCAL/CITY RD,N,URBAN,N,N,N,,DAYLIGHT,CLEAR,DRY,,FOUR-WAY INTERSECTION,STRAIGHT/LEVEL,ASPHALT,IMPROPER TURNING,LEFT TURN,NWALNUTSTW7THST,TRAFFIC CONTROL SIGNAL,2021-09-16 19:18:00,
1104,BLOOMINGTON PD,BLOOMINGTON,2,0.0,0.0,0,0,,,,ST RD 45/46,N MARTHA ST,,,,39.186352,-86.531696,ST RD,N,URBAN,N,N,N,,DARK (NOT LIGHTED),CLEAR,DRY,,NO JUNCTION INVOLVED,STRAIGHT/LEVEL,ASPHALT,UNSAFE LN MOVEMENT,HEAD ON BETWEEN TWO MOTOR VEHICLES,MARTHASTST RD 4546E,LN CONTROL,2021-09-16 21:21:00,
1105,BLOOMINGTON PD,BLOOMINGTON,1,0.0,0.0,0,0,,,,W 11TH ST,N FOUNTAIN DR,,,,0.0,0.0,LOCAL/CITY RD,N,URBAN,N,N,N,,DARK (LIGHTED),CLEAR,DRY,,T-INTERSECTION,CURVE/LEVEL,ASPHALT,RAN OFF RD RIGHT,RAN OFF RD,NFOUNTAINDRW11THST,STOP SIGN,2021-09-16 23:40:00,
1106,ELLETTSVILLE PD,ELLETTSVILLE,1,0.0,0.0,0,0,,,,S SALE ST,W OAK ST,,,,39.232512,-86.626224,LOCAL/CITY RD,N,URBAN,N,N,N,,DAYLIGHT,CLOUDY,WET,,FOUR-WAY INTERSECTION,STRAIGHT/LEVEL,ASPHALT,SPEED TOO FAST FOR WEATHER CONDITIONS,RAN OFF RD,OAKSTSALEST,LN CONTROL,2021-09-15 07:25:00,
1107,BLOOMINGTON PD,BLOOMINGTON,2,0.0,1.0,0,0,,,,N GRANT ST,E ALICE ST,,,,39.169915,-86.529776,LOCAL/CITY RD,N,URBAN,N,N,N,,DAYLIGHT,RAIN,WET,,FOUR-WAY INTERSECTION,STRAIGHT/LEVEL,ASPHALT,FAILURE TO YIELD RIGHT OF WAY,RIGHT ANGLE,EALICESTNGRANTST,NONE,2021-09-15 09:59:00,
1108,MONROE SD,BLOOMINGTON,1,0.0,0.0,0,0,,,,S SHIELDS RIDGE RD,E PAYNETOWN RD,,300.0,S,39.0580863,-86.477118,LOCAL/CITY RD,N,URBAN,N,N,N,,DAYLIGHT,RAIN,WET,,T-INTERSECTION,CURVE/GRADE,ASPHALT,RAN OFF RD RIGHT,RAN OFF RD,EPAYNETOWNRDSHIELDSRIDGERD,NONE,2021-09-15 10:36:00,
1109,INDIANA UNIV BLOOMINGTON PD,BLOOMINGTON,1,0.0,1.0,0,0,,,,E 11TH ST,N FEE LN,,,,39.173268,-86.5189,LOCAL/CITY RD,N,URBAN,N,N,N,,DAYLIGHT,CLOUDY,DRY,,FOUR-WAY INTERSECTION,STRAIGHT/LEVEL,ASPHALT,OTHER (DRR) - EXPLAIN IN NARRATIVE,OTHER - EXPLAIN IN NARRATIVE,E11THSTFEELN,STOP SIGN,2021-09-15 10:48:00,
1110,INDIANA UNIV BLOOMINGTON PD,BLOOMINGTON,2,0.0,0.0,0,0,,,,S ARBUTUS DR,E 3RD ST,,,,39.16426,-86.51217,LOCAL/CITY RD,N,URBAN,N,N,N,,DAYLIGHT,CLEAR,DRY,,T-INTERSECTION,STRAIGHT/LEVEL,ASPHALT,DRR DISTRACTED - EXPLAIN IN NARRATIVE,REAR END,ARBUTUSDR3RDST,STOP SIGN,2021-09-15 17:48:00,
1111,MONROE SD,BLOOMINGTON,2,0.0,0.0,0,0,,,,S VICTOR PK,ST RD 37,,,,39.105552,-86.551104,COUNTY RD,N,RURAL,N,N,N,,DARK (LIGHTED),CLEAR,DRY,,FOUR-WAY INTERSECTION,STRAIGHT/LEVEL,ASPHALT,UNSAFE BACKING,BACKING CRASH,SOUTHVICTORPKS ST RD 37,NONE,2021-09-15 20:08:00,
1112,BLOOMINGTON PD,BLOOMINGTON,2,0.0,0.0,0,0,,,,E N DR,S WALNUT ST,,100.0,E,39.14405,-86.53175065,LOCAL/CITY RD,N,URBAN,Y,N,N,,DAYLIGHT,CLEAR,DRY,,NO JUNCTION INVOLVED,STRAIGHT/LEVEL,ASPHALT,FOLLOWING TOO CLOSELY,SAME DIRECTION SIDESWIPE,ENORTHDRSWALNUTST,NONE,2021-09-14 07:53:00,
1113,ELLETTSVILLE PD,ELLETTSVILLE,2,0.0,0.0,0,0,,,,S SALE ST,W VINE ST,,,,39.234384,-86.624064,LOCAL/CITY RD,N,URBAN,N,N,N,,DAYLIGHT,CLEAR,DRY,,NO JUNCTION INVOLVED,STRAIGHT/LEVEL,ASPHALT,FAILURE TO YIELD RIGHT OF WAY,RIGHT ANGLE,SALESTVINEST,NONE,2021-09-14 08:04:00,
1114,BLOOMINGTON PD,BLOOMINGTON,2,0.0,0.0,0,0,,,,W COUNTRY CLUB DR,S WALNUT ST,,,,39.1359818,-86.5310843,LOCAL/CITY RD,N,URBAN,N,N,N,,DAYLIGHT,CLEAR,DRY,,FOUR-WAY INTERSECTION,STRAIGHT/LEVEL,ASPHALT,UNSAFE BACKING,BACKING CRASH,COUNTRYCLUBDRSWALNUTST,TRAFFIC CONTROL SIGNAL,2021-09-14 09:11:00,
1115,BLOOMINGTON PD,BLOOMINGTON,2,0.0,0.0,0,0,,,,S WALNUT ST,W SMITH AVE,,,,39.162848,-86.533637,LOCAL/CITY RD,N,URBAN,N,N,N,,DAYLIGHT,CLEAR,DRY,,NO JUNCTION INVOLVED,STRAIGHT/LEVEL,ASPHALT,UNSAFE LN MOVEMENT,SAME DIRECTION SIDESWIPE,ESMITHAVESWALNUTST,NONE,2021-09-14 09:24:00,
1116,BLOOMINGTON PD,BLOOMINGTON,2,0.0,0.0,0,0,,,,ST RD 46,S PETE LLIS DR,,,,39.16424,-86.495088,LOCAL/CITY RD,N,URBAN,N,N,N,,DAYLIGHT,CLEAR,DRY,,T-INTERSECTION,STRAIGHT/LEVEL,ASPHALT,FOLLOWING TOO CLOSELY,REAR END,E 3RDSTPETEELLISDR,TRAFFIC CONTROL SIGNAL,2021-09-14 11:55:00,
1117,BLOOMINGTON PD,BLOOMINGTON,2,0.0,0.0,0,0,,,,W 3RD ST,I-69,,,,0.0,0.0,LOCAL/CITY RD,N,URBAN,N,N,N,,DAYLIGHT,CLEAR,DRY,,FOUR-WAY INTERSECTION,STRAIGHT/LEVEL,ASPHALT,FOLLOWING TOO CLOSELY,REAR END,I-6937OVERPASSHWYW 3RDST,TRAFFIC CONTROL SIGNAL,2021-09-14 14:42:00,
1118,BLOOMINGTON PD,BLOOMINGTON,2,0.0,0.0,0,0,,,,S WALNUT ST,E RHORER RD,,,,39.121552,-86.531296,LOCAL/CITY RD,Y,URBAN,Y,N,N,,DAYLIGHT,CLEAR,DRY,,FOUR-WAY INTERSECTION,STRAIGHT/LEVEL,ASPHALT,FAILURE TO YIELD RIGHT OF WAY,RIGHT ANGLE,EASTRHORERRDSOUTHOLDSTATERD37HWY,TRAFFIC CONTROL SIGNAL,2021-09-14 15:17:00,
1119,INDIANA UNIV BLOOMINGTON PD,BLOOMINGTON,2,0.0,0.0,0,0,,,,ST RD 45/46,E DISCOVERY PKWY,,,,39.227137,-86.61521799,ST RD,N,URBAN,N,N,N,,DAYLIGHT,CLEAR,DRY,,FOUR-WAY INTERSECTION,STRAIGHT/LEVEL,ASPHALT,FOLLOWING TOO CLOSELY,REAR END,EASTDISCOVERYPKWYST RD 46E,TRAFFIC CONTROL SIGNAL,2021-09-14 15:20:00,
1120,INDIANA UNIV BLOOMINGTON PD,BLOOMINGTON,2,0.0,0.0,0,0,,,,E ATWATER AVE,S ARBUTUS DR,,,,39.163064,-86.512178,LOCAL/CITY RD,N,URBAN,N,N,N,,DAYLIGHT,CLEAR,DRY,,NO JUNCTION INVOLVED,STRAIGHT/LEVEL,ASPHALT,ANIMAL/OBJECT IN RDWAY,COLLISION WITH OBJECT IN RD,ARBUTUSDRATWATERAVE,NONE,2021-09-14 17:40:00,
1121,BLOOMINGTON PD,BLOOMINGTON,1,0.0,0.0,0,0,,,,N DUNN ST,E 13TH ST,,,,39.175552,-86.528192,LOCAL/CITY RD,N,URBAN,N,N,N,,DAYLIGHT,CLEAR,DRY,,T-INTERSECTION,CURVE/GRADE,ASPHALT,UNSAFE SPEED,RAN OFF RD,EAST13THSTNORTHDUNNST,LN CONTROL,2021-09-14 19:18:00,
1122,BLOOMINGTON PD,BLOOMINGTON,2,0.0,0.0,0,0,507,,,W DIXIE ST,,,,,39.156303,-86.539536,LOCAL/CITY RD,Y,URBAN,N,N,N,,DAWN/DUSK,CLEAR,DRY,,NO JUNCTION INVOLVED,STRAIGHT/LEVEL,ASPHALT,IMPROPER TURNING,REAR END,WDIXIEST,NONE,2021-09-14 20:09:00,
1123,BLOOMINGTON PD,BLOOMINGTON,2,0.0,1.0,0,0,,,,N COLLEGE AVE,W 8TH ST,,,,39.169552,-86.534784,LOCAL/CITY RD,N,URBAN,N,N,N,,DARK (NOT LIGHTED),CLEAR,DRY,,FOUR-WAY INTERSECTION,STRAIGHT/GRADE,ASPHALT,UNSAFE LN MOVEMENT,REAR END,NCOLLEGEAVEW8THST,NONE,2021-09-14 20:48:00,
1124,BLOOMINGTON PD,BLOOMINGTON,2,0.0,2.0,0,0,,,,ST RD 45/46,N KINSER PK,,,,39.186574,-86.537722,LOCAL/CITY RD,N,URBAN,N,N,N,,DARK (LIGHTED),CLEAR,DRY,,FOUR-WAY INTERSECTION,STRAIGHT/LEVEL,ASPHALT,FAILURE TO YIELD RIGHT OF WAY,LEFT TURN,NKINSERPKW4546STATERD,NONE,2021-09-14 21:06:00,
1125,BLOOMINGTON PD,BLOOMINGTON,2,0.0,0.0,0,0,,,,S LEONARD SPRINGS RD,W FAIRINGTON DR,,100.0,S,39.12442055,-86.582605,LOCAL/CITY RD,Y,URBAN,N,N,N,,DAYLIGHT,CLEAR,DRY,,T-INTERSECTION,STRAIGHT/GRADE,ASPHALT,FOLLOWING TOO CLOSELY,REAR END,SLEONARDSPRINGSDRWBARGELN,LN CONTROL,2021-09-13 07:03:00,
1126,INDIANA UNIV BLOOMINGTON PD,BLOOMINGTON,2,0.0,1.0,0,0,,,,E 17TH ST,ST RD 45/46,,,,0.0,0.0,LOCAL/CITY RD,N,URBAN,N,N,N,,DAYLIGHT,CLEAR,DRY,,T-INTERSECTION,STRAIGHT/LEVEL,ASPHALT,FOLLOWING TOO CLOSELY,REAR END,EAST17THSTST RD 46,TRAFFIC CONTROL SIGNAL,2021-09-13 12:43:00,
1127,MONROE SD,BLOOMINGTON,2,0.0,0.0,0,0,,,,S CURRY PK,W GIFFORD RD,,50.0,N,39.156896,-86.582704,COUNTY RD,N,RURAL,N,N,N,,DAYLIGHT,CLEAR,DRY,,FOUR-WAY INTERSECTION,STRAIGHT/LEVEL,ASPHALT,IMPROPER TURNING,LEFT TURN,SCURRYPKWGIFFORDRD,TRAFFIC CONTROL SIGNAL,2021-09-13 14:58:00,
1128,MONROE SD,BLOOMINGTON,3,0.0,0.0,0,0,,,,S CURRY PK,W LOROY AVE,,100.0,S,39.160848,-86.582816,LOCAL/CITY RD,N,RURAL,N,N,N,,DAYLIGHT,CLEAR,DRY,,T-INTERSECTION,STRAIGHT/LEVEL,ASPHALT,FOLLOWING TOO CLOSELY,REAR END,SCURRYPKWLOROYAVE,NONE,2021-09-13 16:28:00,
1129,INDIANA UNIV BLOOMINGTON PD,BLOOMINGTON,2,0.0,0.0,0,0,,,,S HIGHLAND AVE,E ATWATER AVE,,,,39.16307,-86.517712,LOCAL/CITY RD,N,URBAN,N,N,N,,DAYLIGHT,CLEAR,DRY,,FOUR-WAY INTERSECTION,STRAIGHT/GRADE,ASPHALT,FAILURE TO YIELD RIGHT OF WAY,RIGHT ANGLE,ATWATERAVEHIGHLANDAVE,STOP SIGN,2021-09-13 16:45:00,
1130,BLOOMINGTON PD,BLOOMINGTON,2,0.0,1.0,0,0,,,,S PATTERSON DR,W 2ND ST,,100.0,S,39.1501636,-86.548536,LOCAL/CITY RD,N,URBAN,N,N,N,,DAYLIGHT,CLEAR,DRY,,NO JUNCTION INVOLVED,STRAIGHT/LEVEL,ASPHALT,FOLLOWING TOO CLOSELY,REAR END,SOUTHPATTERSONDRWEST2NDST,LN CONTROL,2021-09-13 17:25:00,
1131,BLOOMINGTON PD,BLOOMINGTON,2,0.0,0.0,0,0,,,,ST RD 46,S PETE LLIS DR,,,,39.16424,-86.495088,LOCAL/CITY RD,N,URBAN,N,N,N,,DAYLIGHT,CLEAR,DRY,,T-INTERSECTION,STRAIGHT/LEVEL,ASPHALT,FOLLOWING TOO CLOSELY,REAR END,E 3RDSTSPETEELLISDR,TRAFFIC CONTROL SIGNAL,2021-09-13 17:43:00,
1132,INDIANA UNIV BLOOMINGTON PD,BLOOMINGTON,2,0.0,0.0,0,0,800,,,E ATWATER AVE,,,,,39.162865,-86.523322,UNKNOWN,Y,URBAN,N,N,N,,DAYLIGHT,CLEAR,DRY,,NO JUNCTION INVOLVED,STRAIGHT/LEVEL,ASPHALT,IMPROPER TURNING,LEFT/RIGHT TURN,ATWATERAVE,NONE,2021-09-13 18:00:00,