_id,Agency,City,Vehicles Involved,Trailers Involved,Number Injured,Number Dead,Number Deer,House Number,Roadway Interchange,Roadway Ramp,Roadway Id,Intersecting Road,Interchange,Feet From,Direction,Latitude,Longitude,Roadway Class,Hit and Run?,Locality,School Zone?,Rumble Strips?,Construction?,Construction Type,Light Condition,Weather Conditions,Surface Condition,Type of Median,Roadway Junction Type,Road Character,Roadway Surface,Primary Factor,Manner of Collision,Unique Location Id,Traffic Control,DateTime,Address Number
1258,INDIANA UNIV BLOOMINGTON PD,BLOOMINGTON,2,0.0,0.0,0,0,,,,E 10TH ST,N FORREST AVE,,,,39.17162,-86.522372,LOCAL/CITY RD,N,URBAN,N,N,N,,DAYLIGHT,CLOUDY,DRY,,NO JUNCTION INVOLVED,STRAIGHT/LEVEL,ASPHALT,UNSAFE SPEED,REAR END,FORRESTAVETENTHST,NONE,2021-08-31 11:05:00,
1259,BLOOMINGTON PD,BLOOMINGTON,2,0.0,0.0,0,0,,,,E LONGVIEW AVE,N PETE LLIS DR,,,,39.166944,-86.495056,LOCAL/CITY RD,N,URBAN,N,N,N,,DAYLIGHT,CLEAR,DRY,,FOUR-WAY INTERSECTION,STRAIGHT/LEVEL,ASPHALT,DISREGARD SIGNAL/REG SIGN,RIGHT ANGLE,ELONGVIEWAVENPETEELLISDR,STOP SIGN,2021-08-31 13:27:00,
1260,ISP BLOOMINGTON 33,BLOOMINGTON,1,,0.0,0,0,,,,I-69 S,,,634.0,,39.27934841,-86.52359687,INTERSTATE,,RURAL,N,N,N,,DAYLIGHT,RAIN,WET,,NO JUNCTION INVOLVED,,ASPHALT,SPEED TOO FAST FOR WEATHER CONDITIONS,,I-69127,,2021-08-31 14:58:00,
1261,BLOOMINGTON PD,BLOOMINGTON,2,0.0,0.0,0,0,,,,N ROGERS ST,W 7TH ST,,,,39.168704,-86.538576,LOCAL/CITY RD,N,URBAN,Y,N,N,,DAYLIGHT,RAIN,WET,,FOUR-WAY INTERSECTION,STRAIGHT/LEVEL,ASPHALT,DISREGARD SIGNAL/REG SIGN,RIGHT ANGLE,NORTHROGERSSTWEST7THST,STOP SIGN,2021-08-31 15:49:00,
1262,ISP BLOOMINGTON 33,BLOOMINGTON,1,,0.0,0,0,,,,I-69 N,,,1003.0,,39.21981749,-86.55069851,INTERSTATE,,RURAL,N,N,N,,DAYLIGHT,RAIN,WET,,NO JUNCTION INVOLVED,,ASPHALT,SPEED TOO FAST FOR WEATHER CONDITIONS,,I-69122,,2021-08-31 15:59:00,
1263,BLOOMINGTON PD,BLOOMINGTON,2,0.0,0.0,0,0,,,,W GRIMES LN,S MORTON ST,,,,39.15344,-86.536304,LOCAL/CITY RD,N,URBAN,N,N,N,,DAYLIGHT,RAIN,WET,,T-INTERSECTION,STRAIGHT/LEVEL,ASPHALT,FOLLOWING TOO CLOSELY,REAR END,SMORTONSTWGRIMESLN,NONE,2021-08-31 16:31:00,
1264,BLOOMINGTON PD,BLOOMINGTON,2,0.0,0.0,0,0,,,,N COLLEGE AVE,W 7TH ST,,,,39.168656,-86.534784,LOCAL/CITY RD,N,URBAN,N,N,N,,DAYLIGHT,RAIN,WET,,FOUR-WAY INTERSECTION,STRAIGHT/GRADE,ASPHALT,FAILURE TO YIELD RIGHT OF WAY,SAME DIRECTION SIDESWIPE,NORTHCOLLEGEAVEWEST7THST,TRAFFIC CONTROL SIGNAL,2021-08-31 16:45:00,
1265,MONROE SD,BLOOMINGTON,2,0.0,0.0,0,0,,,,N MATTHEWS DR,,,750.0,W,0.0,0.0,LOCAL/CITY RD,N,RURAL,N,N,N,,DAYLIGHT,CLEAR,DRY,,NO JUNCTION INVOLVED,CURVE/GRADE,ASPHALT,IMPROPER PASSING,SAME DIRECTION SIDESWIPE,NMATTHEWSDRWDELAPRD,LN CONTROL,2021-08-31 17:04:00,
1266,BLOOMINGTON PD,BLOOMINGTON,3,0.0,0.0,0,0,,,,N COLLEGE AVE,W 7TH ST,,50.0,N,39.168656,-86.534784,LOCAL/CITY RD,N,URBAN,N,N,N,,DAYLIGHT,RAIN,WET,,NO JUNCTION INVOLVED,STRAIGHT/GRADE,ASPHALT,FOLLOWING TOO CLOSELY,REAR END,NCOLLEGEAVEW7THST,LN CONTROL,2021-08-31 17:05:00,
1267,BLOOMINGTON PD,BLOOMINGTON,2,0.0,0.0,0,0,,,,W FULLERTON PK,S LEONARD SPRINGS RD,,,,39.123376,-86.582592,LOCAL/CITY RD,Y,RURAL,N,N,N,,DAYLIGHT,CLOUDY,WET,,T-INTERSECTION,STRAIGHT/LEVEL,ASPHALT,DISREGARD SIGNAL/REG SIGN,LEFT TURN,SLEONARDSPRINGSRDWFULLERTONPK,STOP SIGN,2021-08-31 17:54:00,
1268,MONROE SD,BLOOMINGTON,3,0.0,0.0,0,0,,,,N THOMAS RD,,,1000.0,S,39.21099945,-86.6302919,COUNTY RD,N,RURAL,N,N,N,,DAYLIGHT,CLEAR,WET,,NO JUNCTION INVOLVED,STRAIGHT/HILLCREST,ASPHALT,SPEED TOO FAST FOR WEATHER CONDITIONS,REAR END,THOMASRDTULIPST,NONE,2021-08-31 18:04:00,
1269,INDIANA UNIV BLOOMINGTON PD,BLOOMINGTON,1,0.0,1.0,0,0,,,,E 17TH ST,N EAGLESON AVE (W),,427.0,E,39.178838,-86.51095294,LOCAL/CITY RD,N,URBAN,N,N,N,,DARK (NOT LIGHTED),CLEAR,WET,,T-INTERSECTION,STRAIGHT/HILLCREST,ASPHALT,PEDESTRIAN ACTION,COLLISION WITH OBJECT IN RD,EAST17THSTEAGLESON AVEAVE,LN CONTROL,2021-08-31 22:10:00,
1270,MONROE SD,BLOOMINGTON,2,0.0,0.0,0,0,,,,S ROGERS ST,W WALLS DR,,,,39.134144,-86.538381,LOCAL/CITY RD,N,URBAN,N,N,N,,DAYLIGHT,RAIN,WET,,NO JUNCTION INVOLVED,STRAIGHT/LEVEL,ASPHALT,SPEED TOO FAST FOR WEATHER CONDITIONS,REAR END,SOUTHROGERSSTWESTWALLSDR,NONE,2021-08-30 07:55:00,
1271,MONROE SD,BLOOMINGTON,1,0.0,0.0,0,0,,,,I-69 N,,,2500.0,S,0.0,0.0,INTERSTATE,N,RURAL,N,Y,N,,DAYLIGHT,RAIN,WET,,RAMP,STRAIGHT/GRADE,ASPHALT,SPEED TOO FAST FOR WEATHER CONDITIONS,RAN OFF RD,I-69 N125.0,NONE,2021-08-30 08:03:00,
1272,BLOOMINGTON PD,BLOOMINGTON,2,0.0,0.0,0,0,,,,E WYLIE ST,,,200.0,E,39.15864161,-86.52183868,LOCAL/CITY RD,N,URBAN,N,N,N,,DAYLIGHT,RAIN,WET,,NO JUNCTION INVOLVED,STRAIGHT/LEVEL,ASPHALT,DRR DISTRACTED - EXPLAIN IN NARRATIVE,REAR END,WOODLAWNAVEWYLIEST,NONE,2021-08-30 10:00:00,
1273,BLOOMINGTON PD,BLOOMINGTON,2,0.0,0.0,0,0,,,,ST RD 45/46,N KINSER PK,,,,39.186544,-86.537888,ST RD,N,URBAN,N,N,N,,DAYLIGHT,RAIN,WET,,FOUR-WAY INTERSECTION,STRAIGHT/LEVEL,ASPHALT,SPEED TOO FAST FOR WEATHER CONDITIONS,REAR END,NKINSERPKST RD 4546E,TRAFFIC CONTROL SIGNAL,2021-08-30 11:28:00,
1274,INDIANA UNIV BLOOMINGTON PD,BLOOMINGTON,2,0.0,0.0,0,0,,,,E 17TH ST,N FEE LN,,,,39.179061,-86.51897,LOCAL/CITY RD,N,URBAN,N,N,N,,DAYLIGHT,RAIN,WET,,FOUR-WAY INTERSECTION,STRAIGHT/GRADE,ASPHALT,SPEED TOO FAST FOR WEATHER CONDITIONS,REAR END,EAST17THSTFEELN,TRAFFIC CONTROL SIGNAL,2021-08-30 11:37:00,
1275,BLOOMINGTON PD,BLOOMINGTON,2,0.0,0.0,0,0,,,,S ROGERS ST,W 4TH ST,,,,39.165696,-86.538592,LOCAL/CITY RD,N,URBAN,N,N,N,,DAYLIGHT,CLOUDY,WET,,FOUR-WAY INTERSECTION,STRAIGHT/GRADE,ASPHALT,FAILURE TO YIELD RIGHT OF WAY,RIGHT ANGLE,SROGERSSTW4THST,STOP SIGN,2021-08-30 12:47:00,
1276,BLOOMINGTON PD,BLOOMINGTON,2,0.0,0.0,0,0,,,,W KIRKWOOD AVE,S ADAMS ST,,,,39.166686,-86.549601,LOCAL/CITY RD,Y,URBAN,N,N,N,,DAYLIGHT,CLOUDY,DRY,,NO JUNCTION INVOLVED,CURVE/GRADE,ASPHALT,FOLLOWING TOO CLOSELY,REAR END,SADAMSSTWKIRKWOODAVE,LN CONTROL,2021-08-30 13:14:00,
1277,MONROE SD,BLOOMINGTON,1,0.0,0.0,0,0,,,,W POPCORN RD,S ROCKPORT RD,,,,39.002752,-86.59,,Y,RURAL,N,N,N,,DAYLIGHT,RAIN,WET,,NO JUNCTION INVOLVED,CURVE/GRADE,ASPHALT,RAN OFF RD RIGHT,RAN OFF RD,POPCORNRDROCKPORTRD,NONE,2021-08-30 13:50:00,
1278,INDIANA UNIV BLOOMINGTON PD,BLOOMINGTON,2,0.0,2.0,0,0,,,,ST RD 45/46,N DUNN ST,,100.0,E,39.22590355,-86.6134509,ST RD,N,URBAN,N,N,N,,DAYLIGHT,RAIN,WET,,T-INTERSECTION,STRAIGHT/GRADE,ASPHALT,FAILURE TO YIELD RIGHT OF WAY,RIGHT ANGLE,DUNNSTST RD 46E,STOP SIGN,2021-08-30 16:20:00,
1279,BLOOMINGTON PD,BLOOMINGTON,2,0.0,0.0,0,0,,,,S LEONARD SPRINGS RD,ST RD 45,,,,39.1418899,-86.5825878,LOCAL/CITY RD,N,URBAN,N,N,N,,DAYLIGHT,RAIN,WET,,FOUR-WAY INTERSECTION,STRAIGHT/GRADE,ASPHALT,FAILURE TO YIELD RIGHT OF WAY,RIGHT ANGLE,EASTSTATEHIGHWAY45HWYSOUTHLEONARDSPRINGSRD,TRAFFIC CONTROL SIGNAL,2021-08-30 16:50:00,
1280,MONROE SD,BLOOMINGTON,2,0.0,0.0,0,0,,,,ST RD 45,W ELLER RD,,,,39.12224,-86.6144,ST RD,N,RURAL,N,N,N,,DAYLIGHT,RAIN,WET,,FOUR-WAY INTERSECTION,STRAIGHT/LEVEL,CONCRETE,IMPROPER LN USAGE,SAME DIRECTION SIDESWIPE,ST RD 45 WWELLERRD,NONE,2021-08-30 17:09:00,
1281,BLOOMINGTON PD,BLOOMINGTON,2,0.0,1.0,0,0,,,,W COUNTRY CLUB DR,S WALNUT ST,,,,39.1359818,-86.5310843,LOCAL/CITY RD,N,URBAN,N,N,N,,DAYLIGHT,RAIN,WET,,FOUR-WAY INTERSECTION,STRAIGHT/LEVEL,ASPHALT,FOLLOWING TOO CLOSELY,REAR END,SOUTHWALNUTSTWINSLOWRD,TRAFFIC CONTROL SIGNAL,2021-08-30 17:15:00,
1282,MONROE SD,BLOOMINGTON,2,0.0,0.0,0,0,,,,S WALNUT ST,E DILLMAN RD,,0.0,N,39.092972,-86.544156,LOCAL/CITY RD,N,URBAN,N,N,N,,DAYLIGHT,RAIN,WET,,FOUR-WAY INTERSECTION,STRAIGHT/GRADE,ASPHALT,FAILURE TO YIELD RIGHT OF WAY,LEFT/RIGHT TURN,EDILLMANRDSOLDST RD 37RD,FLASHING OVERHEAD BEACON,2021-08-30 17:20:00,
1283,MONROE SD,BLOOMINGTON,2,0.0,0.0,0,0,,,,I-69 S,,,500.0,N,0.0,0.0,INTERSTATE,N,RURAL,N,N,N,,DAYLIGHT,RAIN,WET,,NO JUNCTION INVOLVED,STRAIGHT/LEVEL,ASPHALT,RDWAY SURFACE CONDITION,RIGHT ANGLE,I-69S128,NONE,2021-08-30 17:37:00,
1284,ELLETTSVILLE PD,ELLETTSVILLE,2,0.0,0.0,0,0,,,,ST RD 46 (WB),N MATTHEWS DR (N),,,,39.236096,-86.625168,LOCAL/CITY RD,N,URBAN,N,N,N,,DAYLIGHT,RAIN,WET,,FOUR-WAY INTERSECTION,STRAIGHT/LEVEL,ASPHALT,OTHER (DRR) - EXPLAIN IN NARRATIVE,REAR END,MAINSTMATTHEWSDR,TRAFFIC CONTROL SIGNAL,2021-08-30 18:25:00,
1285,MONROE SD,BLOOMINGTON,2,0.0,0.0,0,0,,,,ST RD 37,S VICTOR PK,,,,39.105552,-86.551104,ST RD,N,RURAL,N,N,Y,LN CLOSURE,DAWN/DUSK,RAIN,WET,,FOUR-WAY INTERSECTION,STRAIGHT/GRADE,ASPHALT,SPEED TOO FAST FOR WEATHER CONDITIONS,REAR END,S ST RD 37VICTORPK,LN CONTROL,2021-08-30 18:54:00,
1286,BLOOMINGTON PD,BLOOMINGTON,2,0.0,0.0,0,0,,,,W COUNTRY CLUB DR,S BANTA AVE,,150.0,W,39.136304,-86.544592,LOCAL/CITY RD,N,URBAN,N,N,N,,DAYLIGHT,CLOUDY,WET,,NO JUNCTION INVOLVED,STRAIGHT/GRADE,ASPHALT,FOLLOWING TOO CLOSELY,REAR END,SBANTAAVEWCOUNTRYCLUBDR,LN CONTROL,2021-08-29 11:46:00,
1287,ISP JASPER 34,BLOOMINGTON,1,,1.0,0,0,,,,I-69 S,,,0.0,,39.27315851,-86.52351326,INTERSTATE,,RURAL,N,Y,N,,DARK (NOT LIGHTED),CLEAR,DRY,,NO JUNCTION INVOLVED,,ASPHALT,,RAN OFF RD,I-69,,2021-08-29 12:49:00,
1288,MONROE SD,BLOOMINGTON,2,0.0,0.0,0,0,,,,N SHUFFLE CREEK RD,E MIDVIEW DR,,,,39.250375,-86.401596,LOCAL/CITY RD,N,RURAL,N,N,N,,DAYLIGHT,CLEAR,DRY,,T-INTERSECTION,STRAIGHT/LEVEL,ASPHALT,IMPROPER PASSING,SAME DIRECTION SIDESWIPE,MIDVIEWDRSHUFFLECREEKRD,NONE,2021-08-29 14:22:00,
1289,BLOOMINGTON PD,BLOOMINGTON,2,0.0,0.0,0,0,,,,S BASSWOOD DR,S MULLER PKWY,,,,39.158531,-86.568003,LOCAL/CITY RD,Y,URBAN,N,N,N,,DAYLIGHT,CLEAR,DRY,,T-INTERSECTION,CURVE/GRADE,ASPHALT,UNSAFE LN MOVEMENT,SAME DIRECTION SIDESWIPE,SBASSWOODDRSMULLERPKWY,NONE,2021-08-29 16:41:00,
1290,INDIANA UNIV BLOOMINGTON PD,BLOOMINGTON,2,0.0,0.0,0,0,,,,N EAGLESON AVE,E 17TH ST,,,,39.178844,-86.51245,LOCAL/CITY RD,N,URBAN,N,N,N,,DAWN/DUSK,CLEAR,DRY,,NO JUNCTION INVOLVED,STRAIGHT/LEVEL,ASPHALT,UNSAFE BACKING,BACKING CRASH,17THSTNEAGLESON AVEAVE,NONE,2021-08-29 19:36:00,
1291,INDIANA UNIV BLOOMINGTON PD,BLOOMINGTON,1,0.0,0.0,0,0,150,,,ENTRANCE TO EAGLESON AVE PARKING GARAGE,,,,,39.1655783,-86.5179533,UNKNOWN,N,URBAN,N,N,N,,DAWN/DUSK,CLEAR,DRY,,NO JUNCTION INVOLVED,STRAIGHT/LEVEL,CONCRETE,IMPROPER TURNING,COLLISION WITH OBJECT IN RD,NEAGLESON AVEAVE,NONE,2021-08-29 20:10:00,
1292,BLOOMINGTON PD,BLOOMINGTON,2,1.0,0.0,0,0,,,,S COLLEGE MALL RD,ST RD 46,,,,39.16424,-86.4984,LOCAL/CITY RD,Y,URBAN,N,N,N,,DARK (LIGHTED),CLEAR,DRY,,FOUR-WAY INTERSECTION,STRAIGHT/LEVEL,ASPHALT,DISREGARD SIGNAL/REG SIGN,RIGHT ANGLE,3RDSTCOLLEGEMALLRD,TRAFFIC CONTROL SIGNAL,2021-08-28 05:40:00,
1293,BLOOMINGTON PD,BLOOMINGTON,1,0.0,0.0,0,0,,,,S SMITH RD,E BROWNRIDGE RD,,,,39.161248,-86.480688,LOCAL/CITY RD,N,URBAN,N,N,N,,DARK (NOT LIGHTED),CLEAR,DRY,,FOUR-WAY INTERSECTION,STRAIGHT/GRADE,ASPHALT,RAN OFF RD RIGHT,RAN OFF RD,EBROWNRIDGERDSSMITHRD,NONE,2021-08-28 06:32:00,
1294,BLOOMINGTON PD,BLOOMINGTON,2,0.0,0.0,0,0,,,,ST RD 46,E 7TH ST,,100.0,S,39.16739189,-86.49996854,ST RD,N,URBAN,N,N,N,,DAYLIGHT,CLEAR,DRY,,NO JUNCTION INVOLVED,STRAIGHT/LEVEL,ASPHALT,FOLLOWING TOO CLOSELY,REAR END,E7THSTST RD 46S,NONE,2021-08-28 14:27:00,
1295,BLOOMINGTON PD,BLOOMINGTON,2,0.0,1.0,0,0,,,,S COLLEGE MALL RD,ST RD 46,,50.0,S,39.16424,-86.4984,LOCAL/CITY RD,N,URBAN,N,N,N,,DAYLIGHT,CLEAR,DRY,,NO JUNCTION INVOLVED,STRAIGHT/LEVEL,ASPHALT,FAILURE TO YIELD RIGHT OF WAY,LEFT TURN,E 3RDSTSCOLLEGEMALLRD,NONE,2021-08-28 15:13:00,
1296,INDIANA UNIV BLOOMINGTON PD,BLOOMINGTON,2,0.0,1.0,0,0,,,,N EAGLESON AVE,E 10TH ST,,,,39.171584,-86.515629,LOCAL/CITY RD,N,URBAN,N,N,N,,DAYLIGHT,CLEAR,DRY,,NO JUNCTION INVOLVED,STRAIGHT/GRADE,ASPHALT,IMPROPER TURNING,LEFT TURN,EAGLESON AVEAVETENTHST,NONE,2021-08-28 16:02:00,
1297,BLOOMINGTON PD,BLOOMINGTON,2,0.0,0.0,0,0,,,,ST RD 45/46,N WALNUT ST,,,,39.30613,-85.218076,LOCAL/CITY RD,N,URBAN,N,N,N,,DAYLIGHT,CLEAR,DRY,,FOUR-WAY INTERSECTION,STRAIGHT/LEVEL,ASPHALT,FOLLOWING TOO CLOSELY,REAR END,NWALNUTSTST RD 46HWY,TRAFFIC CONTROL SIGNAL,2021-08-28 18:35:00,
1298,MONROE SD,BLOOMINGTON,1,0.0,0.0,0,0,,,,ST RD 46,N LOWER BIRDIE GALYAN RD,,,,39.162654,-86.413349,ST RD,N,RURAL,N,N,N,,DAYLIGHT,CLEAR,DRY,,T-INTERSECTION,CURVE/HILLCREST,ASPHALT,IMPROPER TURNING,RAN OFF RD,NLOWERBIRDIEGALYANRDST RD 46E,NONE,2021-08-28 19:01:00,
1299,MONROE SD,BLOOMINGTON,1,0.0,0.0,0,1,,,,ST RD 37,,,3500.0,S,38.68033661,-86.536337,ST RD,N,RURAL,N,N,N,,DARK (NOT LIGHTED),CLEAR,DRY,,NO JUNCTION INVOLVED,STRAIGHT/GRADE,ASPHALT,ANIMAL/OBJECT IN RDWAY,COLLISION WITH DEER,SOUTHZIKESRDS ST RD 37,NONE,2021-08-27 05:30:00,
1300,BLOOMINGTON PD,BLOOMINGTON,3,0.0,2.0,0,0,2600,,,N WALNUT ST,E GLENDORA DR,,100.0,N,39.189968,-86.533232,LOCAL/CITY RD,N,URBAN,N,N,N,,DAYLIGHT,CLEAR,DRY,,NO JUNCTION INVOLVED,STRAIGHT/LEVEL,ASPHALT,LEFT OF CENTER,HEAD ON BETWEEN TWO MOTOR VEHICLES,2600NWALNUTSTGLENDORARD,LN CONTROL,2021-08-27 07:27:00,
1301,MONROE SD,BLOOMINGTON,2,0.0,0.0,0,0,,,,ST RD 46,N SMITH PK,,,,39.210144,-86.5832,ST RD,N,URBAN,N,N,N,,DAYLIGHT,CLEAR,DRY,,FOUR-WAY INTERSECTION,STRAIGHT/GRADE,ASPHALT,FOLLOWING TOO CLOSELY,REAR END,NORTHSMITHPKST RD 46 W,TRAFFIC CONTROL SIGNAL,2021-08-27 07:33:00,
1302,MONROE SD,BLOOMINGTON,2,0.0,0.0,0,0,,,,S SMITH PK,,,500.0,N,39.199072,-86.583152,LOCAL/CITY RD,N,URBAN,N,N,N,,DAYLIGHT,CLEAR,DRY,,T-INTERSECTION,STRAIGHT/LEVEL,ASPHALT,FAILURE TO YIELD RIGHT OF WAY,RIGHT ANGLE,NELSONLNSSMITHPK,NONE,2021-08-27 08:35:00,
1303,INDIANA UNIV BLOOMINGTON PD,BLOOMINGTON,2,0.0,0.0,0,0,,,,N EAGLESON AVE,N FISHER CT,,500.0,W,39.183754,-86.51681274,LOCAL/CITY RD,N,URBAN,N,N,N,,DAYLIGHT,CLEAR,DRY,,NO JUNCTION INVOLVED,STRAIGHT/LEVEL,ASPHALT,OTHER (DRR) - EXPLAIN IN NARRATIVE,OTHER - EXPLAIN IN NARRATIVE,EAGLESON AVEAVENFISHERCT,NONE,2021-08-27 10:47:00,
1304,BLOOMINGTON PD,BLOOMINGTON,2,0.0,0.0,0,0,,,,W 2ND ST,S COLLEGE AVE,,500.0,W,39.16144,-86.534848,LOCAL/CITY RD,N,URBAN,N,N,N,,DAYLIGHT,CLEAR,DRY,,NO JUNCTION INVOLVED,STRAIGHT/LEVEL,ASPHALT,FOLLOWING TOO CLOSELY,REAR END,SCOLLEGEAVEW 2NDST,NONE,2021-08-27 11:50:00,
1305,BLOOMINGTON PD,BLOOMINGTON,2,0.0,0.0,0,0,,,,ST RD 46,E 3RD ST,,,,39.187025,-86.21554,LOCAL/CITY RD,N,URBAN,N,N,N,,DAYLIGHT,CLEAR,DRY,,FOUR-WAY INTERSECTION,STRAIGHT/LEVEL,ASPHALT,FOLLOWING TOO CLOSELY,REAR END,E 3RDSTSTRD46BYP,NONE,2021-08-27 12:23:00,
1306,INDIANA UNIV BLOOMINGTON PD,BLOOMINGTON,2,0.0,2.0,0,0,,,,ST RD 45/46,N MILO B SAMPSON LN,,,,39.18622,-86.522163,ST RD,N,URBAN,N,N,N,,DAYLIGHT,CLEAR,DRY,,NO JUNCTION INVOLVED,STRAIGHT/LEVEL,ASPHALT,DRR ASLEEP OR FATIGUED,HEAD ON BETWEEN TWO MOTOR VEHICLES,NMILOBSAMPSONLNST RD 46,NONE,2021-08-27 13:12:00,
1307,BLOOMINGTON PD,BLOOMINGTON,2,0.0,0.0,0,0,,,,E RHORER RD,S JAMIE LN,,,,39.12152,-86.51792,LOCAL/CITY RD,N,URBAN,N,N,N,,DAYLIGHT,CLEAR,DRY,,T-INTERSECTION,STRAIGHT/GRADE,ASPHALT,FOLLOWING TOO CLOSELY,REAR END,EASTRHORERRDSOUTHJAMIELN,STOP SIGN,2021-08-27 13:19:00,
1308,BLOOMINGTON PD,BLOOMINGTON,2,0.0,0.0,0,0,1714,,,W EZEKIEL DR,S ELEMENT WAY,,,,39.141829,-86.556297,LOCAL/CITY RD,N,URBAN,N,N,N,,DAYLIGHT,CLEAR,DRY,,NO JUNCTION INVOLVED,STRAIGHT/LEVEL,ASPHALT,UNSAFE BACKING,BACKING CRASH,WEZEKIELDR,NONE,2021-08-27 13:44:00,
1309,BLOOMINGTON PD,BLOOMINGTON,2,0.0,0.0,0,0,,,,N WALNUT ST,E GLENDORA DR,,,,39.189968,-86.533232,LOCAL/CITY RD,N,URBAN,N,N,N,,DAYLIGHT,CLEAR,DRY,,T-INTERSECTION,CURVE/LEVEL,ASPHALT,FAILURE TO YIELD RIGHT OF WAY,RIGHT ANGLE,EASTGLENDORADRNORTHWALNUTST,STOP SIGN,2021-08-27 16:02:00,
1310,INDIANA UNIV BLOOMINGTON PD,BLOOMINGTON,3,0.0,0.0,0,0,,,,ST RD 45,N PETE LLIS DR,,,,0.0,0.0,ST RD,N,URBAN,N,N,N,,DAYLIGHT,CLOUDY,DRY,,T-INTERSECTION,STRAIGHT/LEVEL,ASPHALT,FOLLOWING TOO CLOSELY,REAR END,RANGERDST RD 45,NONE,2021-08-27 16:45:00,
1311,MONROE SD,BLOOMINGTON,2,0.0,0.0,0,0,,,,S BREEDEN RD,,,335.0,S,0.0,0.0,LOCAL/CITY RD,N,RURAL,N,N,N,,DAYLIGHT,CLOUDY,DRY,,NO JUNCTION INVOLVED,CURVE/GRADE,CONCRETE,LEFT OF CENTER,RIGHT ANGLE,SBREEDENRDWFREELANDLN,NONE,2021-08-27 17:02:00,
1312,BLOOMINGTON PD,BLOOMINGTON,2,0.0,0.0,0,0,401,,,E VARSITY LN,N DUNN ST,,50.0,W,39.182976,-86.528416,LOCAL/CITY RD,N,URBAN,N,N,N,,DAYLIGHT,RAIN,WET,,FOUR-WAY INTERSECTION,STRAIGHT/LEVEL,ASPHALT,FOLLOWING TOO CLOSELY,REAR END,401EVARSITYLNNDUNNST,STOP SIGN,2021-08-27 17:58:00,
1313,BLOOMINGTON PD,BLOOMINGTON,2,0.0,1.0,0,0,,,,W 2ND ST,S PATTERSON DR,,200.0,E,39.160737,-86.5485533,LOCAL/CITY RD,Y,URBAN,N,N,N,,DAYLIGHT,CLOUDY,WET,,NO JUNCTION INVOLVED,CURVE/GRADE,ASPHALT,FOLLOWING TOO CLOSELY,REAR END,SPATTERSONDRW 2NDST,NONE,2021-08-27 18:00:00,
1314,BLOOMINGTON PD,BLOOMINGTON,2,0.0,0.0,0,0,,,,ST RD 46,E 7TH ST,,,,39.16774375,-86.500487,LOCAL/CITY RD,N,URBAN,N,N,B,,DAYLIGHT,RAIN,WET,,T-INTERSECTION,STRAIGHT/GRADE,ASPHALT,FOLLOWING TOO CLOSELY,REAR END,EAST7THSTNORTHSTATERD46HWY,STOP SIGN,2021-08-27 18:06:00,
1315,MONROE SD,BLOOMINGTON,1,0.0,0.0,0,0,5757,,,N SHUFFLE CREEK RD,,,,,39.24445316,-86.40435415,LOCAL/CITY RD,Y,RURAL,N,N,N,,DAYLIGHT,RAIN,WET,,NO JUNCTION INVOLVED,CURVE/GRADE,ASPHALT,RAN OFF RD RIGHT,RAN OFF RD,NSHUFFLECREEKRD,NONE,2021-08-27 18:40:00,
1316,BLOOMINGTON PD,BLOOMINGTON,1,0.0,0.0,0,0,,I-69,W - 120B,ST RD 45/46,I-69 N,120B,,,0.0,0.0,INTERSTATE,N,URBAN,N,N,N,,DAYLIGHT,RAIN,WET,,RAMP,CURVE/HILLCREST,CONCRETE,SPEED TOO FAST FOR WEATHER CONDITIONS,OTHER - EXPLAIN IN NARRATIVE,I46 W,NONE,2021-08-27 18:54:00,
1317,BLOOMINGTON PD,BLOOMINGTON,2,0.0,1.0,0,0,,,,ST RD 46,,,300.0,S,39.13601788,-86.500487,LOCAL/CITY RD,N,URBAN,N,N,N,,DAYLIGHT,RAIN,WET,,T-INTERSECTION,STRAIGHT/GRADE,ASPHALT,FOLLOWING TOO CLOSELY,REAR END,EAST7THSTNORTHSTATERD46HWY,NONE,2021-08-27 19:05:00,
1318,MONROE SD,BLOOMINGTON,1,0.0,0.0,0,1,,,,N STINESVILLE RD,,,1500.0,N,39.42583757,-86.665734,COUNTY RD,N,RURAL,N,N,N,,DARK (LIGHTED),CLEAR,DRY,,NO JUNCTION INVOLVED,STRAIGHT/GRADE,ASPHALT,ANIMAL/OBJECT IN RDWAY,COLLISION WITH DEER,STATERD46RDSTINESVILLERD,NONE,2021-08-26 04:03:00,
1319,INDIANA UNIV BLOOMINGTON PD,BLOOMINGTON,2,0.0,0.0,0,0,,,,E 17TH ST,ST RD 45/46,,,,0.0,0.0,LOCAL/CITY RD,N,URBAN,N,N,N,,DAYLIGHT,CLEAR,DRY,,T-INTERSECTION,STRAIGHT/LEVEL,ASPHALT,FOLLOWING TOO CLOSELY,REAR END,EAST17THSTST RD 46,TRAFFIC CONTROL SIGNAL,2021-08-26 10:30:00,