_id,Agency,City,Vehicles Involved,Trailers Involved,Number Injured,Number Dead,Number Deer,House Number,Roadway Interchange,Roadway Ramp,Roadway Id,Intersecting Road,Interchange,Feet From,Direction,Latitude,Longitude,Roadway Class,Hit and Run?,Locality,School Zone?,Rumble Strips?,Construction?,Construction Type,Light Condition,Weather Conditions,Surface Condition,Type of Median,Roadway Junction Type,Road Character,Roadway Surface,Primary Factor,Manner of Collision,Unique Location Id,Traffic Control,DateTime,Address Number
1817,BLOOMINGTON PD,BLOOMINGTON,2,0.0,0.0,0,0,,,,W 8TH ST,N HOPEWELL ST,,,,39.16968,-86.552192,LOCAL/CITY RD,Y,URBAN,N,N,N,,DAYLIGHT,CLEAR,DRY,,FOUR-WAY INTERSECTION,STRAIGHT/LEVEL,ASPHALT,LEFT OF CENTER,OPPOSITE DIRECTION SIDESWIPE,NHOPEWELLSTW8THST,NONE,2021-06-26 17:15:00,
1818,BLOOMINGTON PD,BLOOMINGTON,1,0.0,0.0,0,0,2610,,,S BANTA AVE,,,,,39.137635,-86.545058,LOCAL/CITY RD,Y,URBAN,N,N,N,,DAWN/DUSK,CLEAR,DRY,,NO JUNCTION INVOLVED,STRAIGHT/LEVEL,ASPHALT,RAN OFF RD RIGHT,RAN OFF RD,SBANTAAVE,NONE,2021-06-26 19:11:00,
1819,MONROE SD,BLOOMINGTON,1,0.0,0.0,0,1,,,,E SMITHVILLE RD,,,800.0,E,39.071056,-86.5356,UNKNOWN,N,RURAL,N,N,N,,DARK (NOT LIGHTED),CLEAR,DRY,,NO JUNCTION INVOLVED,CURVE/GRADE,ASPHALT,ANIMAL/OBJECT IN RDWAY,COLLISION WITH DEER,ESMITHVILLERDSOUTHSTATE37RD,NONE,2021-06-26 21:22:00,
1820,MONROE SD,BLOOMINGTON,1,0.0,0.0,0,1,,,,I-69 S,,,700.0,S,0.0,0.0,INTERSTATE,N,RURAL,N,Y,N,,DARK (NOT LIGHTED),CLEAR,DRY,,NO JUNCTION INVOLVED,STRAIGHT/GRADE,ASPHALT,ANIMAL/OBJECT IN RDWAY,COLLISION WITH DEER,I-69S111.0,NONE,2021-06-26 21:41:00,
1821,MONROE SD,BLOOMINGTON,2,0.0,0.0,0,0,9753,,,S TAILWATER DR,,,,,39.0059957,-86.5162788,UNKNOWN,Y,RURAL,N,N,N,,DARK (NOT LIGHTED),CLEAR,DRY,,NO JUNCTION INVOLVED,CURVE/LEVEL,ASPHALT,RAN OFF RD RIGHT,RAN OFF RD,SOUTHTAILWATERDR,NONE,2021-06-26 22:12:00,
1822,MONROE SD,BLOOMINGTON,1,0.0,0.0,0,0,,,,S TAILWATER DR,,,,,39.008658,-86.517698,COUNTY RD,N,RURAL,N,N,N,,DARK (NOT LIGHTED),CLEAR,DRY,,NO JUNCTION INVOLVED,CURVE/LEVEL,ASPHALT,RAN OFF RD RIGHT,RAN OFF RD,EMONROEDAMCTTAILWATERDR,NONE,2021-06-26 22:15:00,
1823,MONROE SD,BLOOMINGTON,1,0.0,0.0,0,0,,,,N HARTSTRAIT RD,,,300.0,N,39.24086838,-86.611378,COUNTY RD,N,RURAL,N,N,N,,DARK (NOT LIGHTED),FOG/SMOKE/SMOG,DRY,,NO JUNCTION INVOLVED,STRAIGHT/HILLCREST,ASPHALT,ANIMAL/OBJECT IN RDWAY,COLLISION WITH ANIMAL OTHER,HARTSTRAITRDRATLIFFRD,NONE,2021-06-26 23:09:00,
1824,BLOOMINGTON PD,BLOOMINGTON,2,0.0,0.0,0,0,,,,E UNIVERSITY ST,S FESS AVE,,,,39.16032,-86.525856,LOCAL/CITY RD,N,URBAN,N,N,N,,DAYLIGHT,CLOUDY,DRY,,FOUR-WAY INTERSECTION,STRAIGHT/LEVEL,ASPHALT,FAILURE TO YIELD RIGHT OF WAY,RIGHT ANGLE,FESSAVEUNIVERSITYST,STOP SIGN,2021-06-25 12:02:00,
1825,MONROE SD,BLOOMINGTON,2,0.0,0.0,0,0,,,,W WOODMERE WAY,W WOODHAVEN DR,,,,39.127664,-86.578736,LOCAL/CITY RD,N,RURAL,N,N,N,,DAYLIGHT,CLOUDY,DRY,,T-INTERSECTION,STRAIGHT/LEVEL,ASPHALT,UNSAFE BACKING,BACKING CRASH,WWOODHAVENDRWWOODMEREWAY,NONE,2021-06-25 12:21:00,
1826,ELLETTSVILLE PD,ELLETTSVILLE,2,0.0,0.0,0,0,,,,ST RD 46,BRIAR GATE DR,,,,39.216569,-86.596334,ST RD,N,URBAN,N,N,N,,DAWN/DUSK,CLEAR,DRY,,T-INTERSECTION,STRAIGHT/LEVEL,ASPHALT,FAILURE TO YIELD RIGHT OF WAY,LEFT TURN,BRIARGATEDRST RD 46 W,NONE,2021-06-25 20:53:00,
1827,MONROE SD,BLOOMINGTON,1,0.0,0.0,0,1,,,,ST RD 46,,,2000.0,E,39.163636,-86.43812987,ST RD,N,RURAL,N,N,N,,DARK (NOT LIGHTED),CLEAR,DRY,,NO JUNCTION INVOLVED,STRAIGHT/GRADE,ASPHALT,ANIMAL/OBJECT IN RDWAY,COLLISION WITH DEER,NORTHDUBLINDRST RD 46E,NONE,2021-06-24 02:10:00,
1828,MONROE SD,BLOOMINGTON,2,0.0,0.0,0,0,,,,W FULLERTON PK,S MONROE MEDICAL PARK BLVD,,,,39.1220233,-86.5734289,LOCAL/CITY RD,N,URBAN,N,N,N,,DAYLIGHT,CLEAR,DRY,,FOUR-WAY INTERSECTION,CURVE/LEVEL,ASPHALT,FAILURE TO YIELD RIGHT OF WAY,RIGHT ANGLE,SMONROEMEDICALPARKBLVDWFULLERTONPK,ROUNDABOUT INTERSECTION,2021-06-24 08:08:00,
1829,BLOOMINGTON PD,BLOOMINGTON,2,0.0,1.0,0,0,,,,N WALNUT ST,E 16TH ST,,,,39.17784,-86.533408,LOCAL/CITY RD,N,URBAN,N,N,N,,DAYLIGHT,CLEAR,DRY,,T-INTERSECTION,STRAIGHT/LEVEL,ASPHALT,FOLLOWING TOO CLOSELY,REAR END,E16THSTNWALNUTST,TRAFFIC CONTROL SIGNAL,2021-06-24 11:42:00,
1830,BLOOMINGTON PD,BLOOMINGTON,2,0.0,2.0,0,0,,,,ST RD 45,N SMITH RD,,,,39.172752,-86.482288,LOCAL/CITY RD,N,URBAN,N,N,N,,DAYLIGHT,CLOUDY,DRY,,T-INTERSECTION,CURVE/GRADE,ASPHALT,FAILURE TO YIELD RIGHT OF WAY,RIGHT ANGLE,E 10THSTNSMITHRD,STOP SIGN,2021-06-24 11:49:00,
1831,MONROE SD,BLOOMINGTON,2,0.0,0.0,0,0,,,,W GORDON PK,S WALNUT ST,,,,39.121463,-86.531363,LOCAL/CITY RD,N,RURAL,N,N,N,,DAYLIGHT,CLEAR,DRY,,FOUR-WAY INTERSECTION,STRAIGHT/GRADE,ASPHALT,DRR DISTRACTED - EXPLAIN IN NARRATIVE,REAR END,SWALNUTESTWGORDONPK,TRAFFIC CONTROL SIGNAL,2021-06-24 12:00:00,
1832,BLOOMINGTON PD,BLOOMINGTON,2,0.0,0.0,0,0,,,,W COUNTRY CLUB DR,ENTRANCE TO GREASE MONKEY,,,,0.0,0.0,LOCAL/CITY RD,N,URBAN,N,N,N,,DAYLIGHT,CLEAR,DRY,,FOUR-WAY INTERSECTION,STRAIGHT/LEVEL,ASPHALT,FAILURE TO YIELD RIGHT OF WAY,RIGHT ANGLE,PRIVATEDRWCOUNTRYCLUBDR,NONE,2021-06-24 18:45:00,
1833,ISP BLOOMINGTON 33,BLOOMINGTON,1,,0.0,0,1,,,,N ST RD 37,E WHISNAND RD,,0.0,,39.22283746,-86.53924286,LOCAL/CITY RD,,RURAL,N,N,N,,DAWN/DUSK,CLEAR,DRY,,NO JUNCTION INVOLVED,,ASPHALT,ANIMAL/OBJECT IN RDWAY,COLLISION WITH DEER,EWhisnandRdBusiness37N,,2021-06-23 06:00:00,
1834,ISP BLOOMINGTON 33,BLOOMINGTON,1,,0.0,0,0,,Y,125,E SAMPLE RD,I-69 N,,0.0,,39.26577882,-86.5217914,COUNTY RD,,RURAL,N,N,N,,DAYLIGHT,CLEAR,WET,,TRAFFIC CIRCLE/ROUNDABOUT,,ASPHALT,UNSAFE SPEED,RIGHT TURN,I-69ESampleRd,,2021-06-23 13:15:00,
1835,ISP BLOOMINGTON 33,BLOOMINGTON,2,,0.0,0,0,866,,,W SAMPLE RD,,,0.0,,39.27102879,-86.52749581,COUNTY RD,,RURAL,N,N,N,,DAYLIGHT,CLEAR,DRY,,NO JUNCTION INVOLVED,,ASPHALT,LEFT OF CENTER,OPPOSITE DIRECTION SIDESWIPE,WSampleRd530ftnorthofFlemingPlace,,2021-06-23 17:25:00,
1836,MONROE SD,BLOOMINGTON,1,0.0,0.0,0,1,,,,I-69 N,,,,,0.0,0.0,INTERSTATE,N,RURAL,N,Y,N,,DARK (NOT LIGHTED),CLEAR,DRY,,NO JUNCTION INVOLVED,STRAIGHT/GRADE,ASPHALT,ANIMAL/OBJECT IN RDWAY,COLLISION WITH DEER,I-69 N112.0,NONE,2021-06-23 22:00:00,
1837,BLOOMINGTON PD,BLOOMINGTON,2,0.0,0.0,0,0,1285,,,S COLLEGE MALL RD,,,1000.0,N,39.150448,-86.498,LOCAL/CITY RD,N,URBAN,N,N,N,,DAYLIGHT,CLEAR,DRY,,NO JUNCTION INVOLVED,STRAIGHT/LEVEL,ASPHALT,FOLLOWING TOO CLOSELY,REAR END,1285SCOLLEGEMALLRDEMOORESPK,NONE,2021-06-22 12:53:00,
1838,ELLETTSVILLE PD,ELLETTSVILLE,2,0.0,0.0,0,0,,,,ST RD 46,N CONSTABLE DR,,100.0,E,39.23707456,-86.62740615,LOCAL/CITY RD,N,URBAN,N,N,N,,DAYLIGHT,CLEAR,DRY,,NO JUNCTION INVOLVED,STRAIGHT/HILLCREST,ASPHALT,OTHER (DRR) - EXPLAIN IN NARRATIVE,SAME DIRECTION SIDESWIPE,CONSTABLEDRMAINST,LN CONTROL,2021-06-22 14:33:00,
1839,BLOOMINGTON PD,BLOOMINGTON,1,0.0,1.0,0,0,,,,W 7TH ST,B-LINE TRAIL,,50.0,E,39.168688,-86.537296,LOCAL/CITY RD,N,URBAN,N,N,N,,DAYLIGHT,CLEAR,DRY,,TRAIL CROSSINGS,STRAIGHT/LEVEL,CONCRETE,FAILURE TO YIELD RIGHT OF WAY,RIGHT ANGLE,NORTHMADISONSTWEST7THST,YIELD SIGN,2021-06-22 15:55:00,
1840,MONROE SD,BLOOMINGTON,2,0.0,0.0,0,0,,,,ST RD 46,N CURRY PK,,,,39.19378485,-86.5710361,ST RD,N,RURAL,N,Y,N,,DAYLIGHT,CLEAR,DRY,,NO JUNCTION INVOLVED,STRAIGHT/LEVEL,ASPHALT,DISREGARD SIGNAL/REG SIGN,LEFT TURN,CURRYPKST RD 46 W,TRAFFIC CONTROL SIGNAL,2021-06-22 16:25:00,
1841,BLOOMINGTON PD,BLOOMINGTON,2,0.0,0.0,0,0,,,,W PATTERSON DR,S ROGERS ST,,100.0,W,39.153791,-86.53874034,LOCAL/CITY RD,N,URBAN,N,N,N,,DAYLIGHT,CLEAR,DRY,,FOUR-WAY INTERSECTION,STRAIGHT/GRADE,ASPHALT,FOLLOWING TOO CLOSELY,REAR END,SOUTHROGERSSTWESTPATTERSONDR,LN CONTROL,2021-06-22 16:54:00,
1842,BLOOMINGTON PD,BLOOMINGTON,2,0.0,1.0,0,0,,,,ST RD 45/46,N KINSER PK,,200.0,E,39.186544,-86.537888,LOCAL/CITY RD,N,URBAN,N,N,N,,DAYLIGHT,CLEAR,DRY,,FOUR-WAY INTERSECTION,STRAIGHT/GRADE,ASPHALT,FOLLOWING TOO CLOSELY,REAR END,NORTHKINSERPKWESTSTATERD4546BYPASSBYP,LN CONTROL,2021-06-22 17:47:00,
1843,MONROE SD,BLOOMINGTON,2,0.0,0.0,0,0,,,,ST RD 46,N CURRY PK,,,,39.193635,-86.571374,ST RD,N,RURAL,N,N,N,,DAYLIGHT,CLEAR,DRY,,FOUR-WAY INTERSECTION,STRAIGHT/LEVEL,ASPHALT,FOLLOWING TOO CLOSELY,REAR END,NCURRYPKST RD 46 W,TRAFFIC CONTROL SIGNAL,2021-06-22 19:50:00,
1844,MONROE SD,STINESVILLE,2,1.0,1.0,0,0,,,,ST RD 46,N STINESVILLE RD,,200.0,E,39.266807,-86.66575133,ST RD,N,RURAL,N,N,N,,DAYLIGHT,CLEAR,DRY,,NO JUNCTION INVOLVED,CURVE/LEVEL,ASPHALT,TIRE FAILURE OR DEFECTIVE,COLLISION WITH OBJECT IN RD,NSTINESVILLERDST RD 46 W,LN CONTROL,2021-06-21 09:49:00,
1845,INDIANA UNIV BLOOMINGTON PD,BLOOMINGTON,2,0.0,0.0,0,0,,,,E ATWATER AVE,S EAGLESON AVE,,,,39.163051,-86.516389,LOCAL/CITY RD,N,URBAN,N,N,N,,DAYLIGHT,CLEAR,DRY,,FOUR-WAY INTERSECTION,STRAIGHT/GRADE,ASPHALT,DRR DISTRACTED - EXPLAIN IN NARRATIVE,REAR END,ATWATERAVEEAGLESON AVEAVE,TRAFFIC CONTROL SIGNAL,2021-06-21 12:32:00,
1846,BLOOMINGTON PD,BLOOMINGTON,2,0.0,0.0,0,0,,,,N COLLEGE AVE,W 17TH ST,,,,39.17896,-86.53472,LOCAL/CITY RD,N,URBAN,N,N,N,,DAYLIGHT,CLEAR,DRY,,FOUR-WAY INTERSECTION,STRAIGHT/LEVEL,ASPHALT,DISREGARD SIGNAL/REG SIGN,RIGHT ANGLE,NCOLLEGEAVEW17THST,TRAFFIC CONTROL SIGNAL,2021-06-21 15:10:00,
1847,MONROE SD,BLOOMINGTON,1,0.0,0.0,0,0,,,,S LIBERTY DR,,,300.0,N,39.18290747,-86.576869,COUNTY RD,N,RURAL,N,N,N,,DAWN/DUSK,CLEAR,DRY,,T-INTERSECTION,CURVE/LEVEL,ASPHALT,RAN OFF RD RIGHT,RAN OFF RD,SLIBERTYDRWCONSTITUTIONAVE,NONE,2021-06-21 20:46:00,
1848,MONROE SD,BLOOMINGTON,1,0.0,0.0,0,1,,,,ST RD 37,,,1200.0,S,38.63333811,-86.498608,ST RD,N,RURAL,N,N,N,,DARK (NOT LIGHTED),CLEAR,DRY,,NO JUNCTION INVOLVED,STRAIGHT/GRADE,ASPHALT,ANIMAL/OBJECT IN RDWAY,COLLISION WITH DEER,S ST RD 37STATERD37RD,NONE,2021-06-21 23:47:00,
1849,MONROE SD,BLOOMINGTON,1,0.0,0.0,0,0,,,,S ROCKPORT RD,,,500.0,N,0.0,0.0,,Y,RURAL,N,N,N,,DAYLIGHT,CLEAR,WET,,NO JUNCTION INVOLVED,STRAIGHT/GRADE,ASPHALT,UNSAFE SPEED,RAN OFF RD,SHARMONYRDTARKINGTONRD,NO PASSING ZONE,2021-06-20 07:57:00,
1850,MONROE SD,BLOOMINGTON,2,0.0,0.0,0,0,,,,E RHORER RD,S FOX CHASE RUN,,,,39.12146,-86.496599,LOCAL/CITY RD,N,RURAL,N,N,N,,DAYLIGHT,CLEAR,DRY,,NO JUNCTION INVOLVED,STRAIGHT/HILLCREST,ASPHALT,ANIMAL/OBJECT IN RDWAY,REAR END,EASTRHORERRDSOUTHFOXCHASERUN,NONE,2021-06-20 11:45:00,
1851,BLOOMINGTON PD,BLOOMINGTON,1,0.0,0.0,0,0,2170,,,S YOST AVE,,,,,39.14642215,-86.5807135,LOCAL/CITY RD,N,URBAN,N,N,N,,DARK (NOT LIGHTED),RAIN,WET,,NO JUNCTION INVOLVED,STRAIGHT/LEVEL,ASPHALT,OTHER (ENVIRONMENTAL) - EXPLAIN IN NARR,NON-COLLISION,SYOSTAVE,NONE,2021-06-19 00:07:00,
1852,BLOOMINGTON PD,BLOOMINGTON,2,0.0,0.0,0,0,,,,S WALNUT ST,,,600.0,S,39.06810198,-86.531432,LOCAL/CITY RD,N,URBAN,N,N,N,,DARK (NOT LIGHTED),RAIN,WET,,NO JUNCTION INVOLVED,STRAIGHT/LEVEL,ASPHALT,FAILURE TO YIELD RIGHT OF WAY,SAME DIRECTION SIDESWIPE,SWALNUTSTWPINEWOODDR,LN CONTROL,2021-06-19 00:23:00,
1853,BLOOMINGTON PD,BLOOMINGTON,2,0.0,0.0,0,0,,,,ST RD 46,ST RD 46,,,,39.1641839,-86.4982356,LOCAL/CITY RD,N,URBAN,N,N,N,,DAWN/DUSK,RAIN,WET,,FOUR-WAY INTERSECTION,STRAIGHT/GRADE,ASPHALT,FAILURE TO YIELD RIGHT OF WAY,RIGHT ANGLE,3RDSTST RD 46BYP,TRAFFIC CONTROL SIGNAL,2021-06-19 08:07:00,
1854,ISP BLOOMINGTON 33,BLOOMINGTON,1,,1.0,0,0,,,,I-69 S,W BLOOMFIELD RD,,0.0,,39.16066887,-86.57328433,INTERSTATE,,RURAL,N,N,N,,DAYLIGHT,CLOUDY,WATER (STANDING OR MOVING),,NO JUNCTION INVOLVED,,ASPHALT,SPEED TOO FAST FOR WEATHER CONDITIONS,RAN OFF RD,I-69,,2021-06-19 12:05:00,
1855,BLOOMINGTON PD,BLOOMINGTON,2,0.0,0.0,0,0,,,,E HILLSIDE DR,S PALMER AVE,,,,39.150608,-86.529104,LOCAL/CITY RD,N,URBAN,N,N,N,,DAYLIGHT,CLOUDY,WET,,T-INTERSECTION,STRAIGHT/LEVEL,ASPHALT,FOLLOWING TOO CLOSELY,REAR END,EHILLSIDEDRSPALMERAVE,LN CONTROL,2021-06-19 12:44:00,
1856,MONROE SD,BLOOMINGTON,2,0.0,1.0,0,0,,,,W VERNAL PK,ENTRANCE TO GARDEN HILL MOBILE HOME PARK,,300.0,W,39.179142,-86.57637302,COUNTY RD,N,URBAN,N,N,N,,DAYLIGHT,CLEAR,DRY,,NO JUNCTION INVOLVED,STRAIGHT/GRADE,ASPHALT,FAILURE TO YIELD RIGHT OF WAY,RIGHT ANGLE,SUNRISEGREETINGSCTVERNALPK,NONE,2021-06-19 20:09:00,
1857,BLOOMINGTON PD,BLOOMINGTON,2,0.0,0.0,0,0,,,,W 7TH ST,N WALNUT ST,,,,39.16864,-86.533568,LOCAL/CITY RD,Y,URBAN,N,N,N,,DARK (LIGHTED),CLEAR,DRY,,FOUR-WAY INTERSECTION,STRAIGHT/LEVEL,ASPHALT,IMPROPER TURNING,OPPOSITE DIRECTION SIDESWIPE,NWALNUTSTW7THST,TRAFFIC CONTROL SIGNAL,2021-06-19 23:00:00,
1858,MONROE SD,BLOOMINGTON,1,0.0,3.0,0,0,,,,S GARRISON CHAPEL RD,,,1000.0,S,39.16101331,-86.64835235,LOCAL/CITY RD,N,RURAL,N,N,N,,DAYLIGHT,CLEAR,DRY,,T-INTERSECTION,CURVE/LEVEL,ASPHALT,UNSAFE SPEED,RAN OFF RD,GARRISONCHAPELRDSTATE48RD,NONE,2021-06-18 12:00:00,
1859,ELLETTSVILLE PD,ELLETTSVILLE,2,0.0,0.0,0,0,,,,N UNION VALLEY RD,W LYNW DR,,,,39.2160693,-86.5926522,LOCAL/CITY RD,N,URBAN,N,N,N,,DAYLIGHT,CLEAR,DRY,,T-INTERSECTION,STRAIGHT/GRADE,ASPHALT,FAILURE TO YIELD RIGHT OF WAY,LEFT TURN,LYNWESTDRUNIONVALLEYRD,NONE,2021-06-18 13:35:00,
1860,INDIANA UNIV BLOOMINGTON PD,BLOOMINGTON,1,0.0,1.0,0,0,,,,E 3RD ST,S INDIANA AVE,,,,39.164287,-86.526904,LOCAL/CITY RD,N,URBAN,N,N,N,,DAWN/DUSK,RAIN,WET,,FOUR-WAY INTERSECTION,STRAIGHT/LEVEL,ASPHALT,RAN OFF RD RIGHT,RAN OFF RD,INDIANAAVE 3RDST,STOP SIGN,2021-06-18 20:30:00,
1861,MONROE SD,BLOOMINGTON,1,0.0,0.0,0,0,,,,I-69 S,,,,,0.0,0.0,INTERSTATE,N,RURAL,N,Y,N,,DAWN/DUSK,RAIN,WET,,NO JUNCTION INVOLVED,STRAIGHT/GRADE,ASPHALT,RAN OFF RD RIGHT,RAN OFF RD,I-69S130.0,NONE,2021-06-18 20:40:00,
1862,BLOOMINGTON PD,BLOOMINGTON,2,0.0,0.0,0,0,,,,E HILLSIDE DR,S WOODLAWN AVE,,,,39.150521,-86.522627,LOCAL/CITY RD,N,URBAN,N,N,N,,DARK (NOT LIGHTED),CLOUDY,WET,,NO JUNCTION INVOLVED,STRAIGHT/LEVEL,ASPHALT,FAILURE TO YIELD RIGHT OF WAY,RIGHT ANGLE,EHILLSODEDRSWOODLAWNAVE,STOP SIGN,2021-06-18 20:50:00,
1863,MONROE SD,BLOOMINGTON,1,0.0,0.0,0,0,,,,W BLOOMFIELD RD,S RANSOM LN,,,,39.15927,-86.555261,LOCAL/CITY RD,N,URBAN,N,N,N,,DARK (NOT LIGHTED),RAIN,WATER (STANDING OR MOVING),,NO JUNCTION INVOLVED,CURVE/LEVEL,ASPHALT,RDWAY SURFACE CONDITION,RAN OFF RD,2NDSTRANSOMLN,NONE,2021-06-18 23:11:00,
1864,BLOOMINGTON PD,BLOOMINGTON,1,0.0,0.0,1,0,,,,S COLLEGE AVE,E DODDS ST,,,,39.157568,-86.534896,LOCAL/CITY RD,N,URBAN,N,N,N,,DARK (NOT LIGHTED),RAIN,WATER (STANDING OR MOVING),,T-INTERSECTION,CURVE/LEVEL,ASPHALT,RDWAY SURFACE CONDITION,NON-COLLISION,EDODDSSTSTSCOLLEGEAVEAVE,NONE,2021-06-18 23:40:00,
1865,MONROE SD,BLOOMINGTON,1,0.0,1.0,0,0,,,,W LEONARD SPRINGS RD,S DUNCAN RD,,100.0,W,39.122352,-86.5964,LOCAL/CITY RD,N,RURAL,N,N,N,,DARK (NOT LIGHTED),CLEAR,DRY,,T-INTERSECTION,STRAIGHT/GRADE,ASPHALT,RAN OFF RD RIGHT,RAN OFF RD,SOUTHDUNCANRDWESTLEONARDSPRINGSRD,NONE,2021-06-17 00:54:00,
1866,INDIANA UNIV BLOOMINGTON PD,BLOOMINGTON,1,0.0,0.0,0,0,,,,S EAGLESON AVE,E 3RD ST,,,,39.164263,-86.516394,,Y,URBAN,N,N,N,,DARK (LIGHTED),CLEAR,DRY,,NO JUNCTION INVOLVED,STRAIGHT/LEVEL,ASPHALT,OTHER (DRR) - EXPLAIN IN NARRATIVE,RAN OFF RD,EAGLESON AVEAVE 3RDST,NONE,2021-06-17 01:15:00,
1867,INDIANA UNIV BLOOMINGTON PD,BLOOMINGTON,2,0.0,0.0,0,0,,,,ST RD 45/46,E 10TH ST,,,,0.0,0.0,ST RD,N,URBAN,N,N,N,,DAYLIGHT,CLEAR,DRY,,FOUR-WAY INTERSECTION,STRAIGHT/LEVEL,ASPHALT,IMPROPER TURNING,LEFT TURN,ST RD 45ST RD 46,TRAFFIC CONTROL SIGNAL,2021-06-17 09:15:00,
1868,ELLETTSVILLE PD,ELLETTSVILLE,2,0.0,0.0,0,0,,,,ST RD 46,N UNION VALLEY RD,,,,39.215152,-86.5928,ST RD,N,URBAN,N,N,N,,DAYLIGHT,CLEAR,DRY,,T-INTERSECTION,STRAIGHT/GRADE,ASPHALT,FAILURE TO YIELD RIGHT OF WAY,RIGHT ANGLE,ST RD 46 WUNIONVALLEYRD,TRAFFIC CONTROL SIGNAL,2021-06-17 13:45:00,
1869,BLOOMINGTON PD,BLOOMINGTON,1,0.0,1.0,0,0,1350,,,W BLOOMFIELD RD,S DOLIMAH AVE,,,,39.15998862,-86.55307876,LOCAL/CITY RD,N,URBAN,N,N,N,,DAYLIGHT,CLEAR,DRY,,Y-INTERSECTION,STRAIGHT/LEVEL,ASPHALT,PEDESTRIAN ACTION,RIGHT TURN,WBLOOMFIELDRD,STOP SIGN,2021-06-17 15:10:00,
1870,INDIANA UNIV BLOOMINGTON PD,BLOOMINGTON,2,0.0,0.0,0,0,,,,E JONES AVE,,,,,0.0,0.0,LOCAL/CITY RD,N,URBAN,N,N,N,,DAYLIGHT,CLEAR,DRY,,NO JUNCTION INVOLVED,STRAIGHT/LEVEL,ASPHALT,UNSAFE BACKING,BACKING CRASH,EJONESAVE 3RDST,NONE,2021-06-17 15:15:00,
1871,MONROE SD,BLOOMINGTON,2,1.0,0.0,0,0,,,,ST RD 48,N OARD RD,,,,39.164848,-86.62,ST RD,N,RURAL,N,N,N,,DAYLIGHT,CLEAR,DRY,,T-INTERSECTION,STRAIGHT/LEVEL,ASPHALT,INSECURE/LEAKY LOAD,COLLISION WITH OBJECT IN RD,NOARDRDST RD 48W,NONE,2021-06-17 15:39:00,
1872,MONROE SD,BLOOMINGTON,1,0.0,1.0,0,0,,,,ST RD 446,,,2000.0,S,39.02880379,-86.40804595,ST RD,N,RURAL,N,N,N,,DAYLIGHT,CLEAR,DRY,,T-INTERSECTION,CURVE/LEVEL,ASPHALT,RAN OFF RD RIGHT,RAN OFF RD,EALLENSCREEKRDST RD 446N,NONE,2021-06-17 17:31:00,
1873,MONROE SD,BLOOMINGTON,1,0.0,0.0,0,0,,,,S ADAMS ST,W MILLENNIUM PARK DR,,,,39.1529197,-86.5523785,COUNTY RD,N,URBAN,N,N,N,,DAYLIGHT,CLEAR,DRY,,NO JUNCTION INVOLVED,STRAIGHT/HILLCREST,ASPHALT,RAN OFF RD RIGHT,RAN OFF RD,SADAMSSTWMILLENNIUMPARKDR,NONE,2021-06-17 19:51:00,
1874,ELLETTSVILLE PD,ELLETTSVILLE,1,0.0,0.0,0,0,3601,,,ST RD 46,S BLUE SKY,,,,39.210316,-86.58398,UNKNOWN,N,URBAN,N,N,N,,DAWN/DUSK,CLEAR,DRY,,NO JUNCTION INVOLVED,STRAIGHT/LEVEL,ASPHALT,IMPROPER TURNING,RAN OFF RD,WESTSTRD46HWY,NONE,2021-06-17 20:20:00,
1875,BLOOMINGTON PD,BLOOMINGTON,2,0.0,1.0,0,0,,,,S HENDERSON ST,E ATWATER AVE,,,,39.163344,-86.5272,LOCAL/CITY RD,N,URBAN,N,N,N,,DARK (LIGHTED),CLEAR,DRY,,FOUR-WAY INTERSECTION,STRAIGHT/LEVEL,ASPHALT,FAILURE TO YIELD RIGHT OF WAY,RIGHT ANGLE,EATWATERAVESHENDERSONST,TRAFFIC CONTROL SIGNAL,2021-06-16 03:14:00,
1876,ISP INDIANAPOLIS 52,BLOOMINGTON,1,,1.0,0,0,,,,I-69 S,ST RD 45/46,,0.0,,39.18378814,-86.55627159,INTERSTATE,,URBAN,N,N,N,,DAYLIGHT,CLEAR,DRY,,NO JUNCTION INVOLVED,,ASPHALT,OVERCORRECTING/OVERSTEERING,OTHER - EXPLAIN IN NARRATIVE,I-69120,,2021-06-16 07:13:00,
1877,MONROE SD,BLOOMINGTON,2,0.0,1.0,0,0,,,,W VERNAL PK,N CURRY PK,,,,39.179248,-86.5832,LOCAL/CITY RD,N,RURAL,N,N,N,,DAYLIGHT,CLEAR,DRY,,FOUR-WAY INTERSECTION,STRAIGHT/GRADE,ASPHALT,OTHER (DRR) - EXPLAIN IN NARRATIVE,REAR END,NCURRYPKWVERNALPK,TRAFFIC CONTROL SIGNAL,2021-06-16 10:18:00,
1878,BLOOMINGTON PD,BLOOMINGTON,2,0.0,0.0,0,0,,,,ST RD 46,KINGSTON DR S,,,,39.16424,-86.492944,LOCAL/CITY RD,N,URBAN,N,N,N,,DAYLIGHT,CLEAR,DRY,,FOUR-WAY INTERSECTION,STRAIGHT/LEVEL,ASPHALT,IMPROPER LN USAGE,SAME DIRECTION SIDESWIPE,E 3RDSTSKINGSTONDR,TRAFFIC CONTROL SIGNAL,2021-06-16 14:03:00,