_id,Agency,City,Vehicles Involved,Trailers Involved,Number Injured,Number Dead,Number Deer,House Number,Roadway Interchange,Roadway Ramp,Roadway Id,Intersecting Road,Interchange,Feet From,Direction,Latitude,Longitude,Roadway Class,Hit and Run?,Locality,School Zone?,Rumble Strips?,Construction?,Construction Type,Light Condition,Weather Conditions,Surface Condition,Type of Median,Roadway Junction Type,Road Character,Roadway Surface,Primary Factor,Manner of Collision,Unique Location Id,Traffic Control,DateTime,Address Number
2252,BLOOMINGTON PD,BLOOMINGTON,2,0.0,0.0,0,0,,,,N WILLIS DR,W 17TH ST,,,,39.179104,-86.544016,LOCAL/CITY RD,Y,URBAN,N,N,N,,DARK (NOT LIGHTED),CLEAR,DRY,,T-INTERSECTION,STRAIGHT/LEVEL,ASPHALT,IMPROPER LN USAGE,HEAD ON BETWEEN TWO MOTOR VEHICLES,NWILLISDRW17THST,LN CONTROL,2021-04-23 03:53:00,
2253,BLOOMINGTON PD,BLOOMINGTON,1,0.0,0.0,0,1,,,,ST RD 45/46,N MILO B SAMPSON LN,,,,39.186352,-86.522192,ST RD,N,URBAN,N,N,N,,DARK (NOT LIGHTED),CLOUDY,DRY,,T-INTERSECTION,STRAIGHT/GRADE,ASPHALT,ANIMAL/OBJECT IN RDWAY,COLLISION WITH DEER,MILOSAMPSONLNST RD 46E,LN CONTROL,2021-04-23 06:09:00,
2254,MONROE SD,BLOOMINGTON,2,0.0,0.0,0,0,,,,ST RD 48,N PROFILE PKWY,,,,39.1745854,-86.58441064,ST RD,N,URBAN,N,N,N,,DAYLIGHT,CLEAR,DRY,,FOUR-WAY INTERSECTION,STRAIGHT/LEVEL,ASPHALT,FOLLOWING TOO CLOSELY,REAR END,SPROFILEPKWYST RD 48W,TRAFFIC CONTROL SIGNAL,2021-04-23 07:59:00,
2255,MONROE SD,BLOOMINGTON,1,0.0,0.0,0,0,,,,S ROCKPORT RD,S VICTOR PK,,,,39.053802,-86.6065491,COUNTY RD,N,RURAL,N,N,N,,DAWN/DUSK,CLEAR,DRY,,NO JUNCTION INVOLVED,CURVE/GRADE,ASPHALT,RAN OFF RD RIGHT,RAN OFF RD,SROCKPORTRDSVICTORPK,NONE,2021-04-23 08:00:00,
2256,BLOOMINGTON PD,BLOOMINGTON,3,0.0,1.0,0,0,,,,N CURRY PK,W PROFILE PKWY,,,,39.171961,-86.582982,LOCAL/CITY RD,N,URBAN,N,N,N,,DAYLIGHT,CLEAR,DRY,,FOUR-WAY INTERSECTION,STRAIGHT/LEVEL,ASPHALT,FOLLOWING TOO CLOSELY,REAR END,NCURRYPKWPROFILEPKWY,TRAFFIC CONTROL SIGNAL,2021-04-23 13:00:00,
2257,BLOOMINGTON PD,BLOOMINGTON,2,0.0,0.0,0,0,418,,,N COLLEGE AVE,ENTRANCE TO BIG RED LIQUORS,,,,39.1697342,-86.53478106,UNKNOWN,N,URBAN,N,N,N,,DAYLIGHT,CLOUDY,DRY,,NO JUNCTION INVOLVED,NON-RDWAY CRASH,ASPHALT,FAILURE TO YIELD RIGHT OF WAY,OPPOSITE DIRECTION SIDESWIPE,NCOLLEGEAVE,NONE,2021-04-23 13:22:00,
2258,ISP INDIANAPOLIS 52,BLOOMINGTON,2,,0.0,0,0,,,,I-69 N,,,264.0,,39.07205247,-86.62832788,INTERSTATE,,RURAL,N,N,N,,DAYLIGHT,CLOUDY,DRY,,NO JUNCTION INVOLVED,,CONCRETE,OTHER (DRR) - EXPLAIN IN NARRATIVE,REAR END,I-69109,,2021-04-23 15:00:00,
2259,INDIANA UNIV BLOOMINGTON PD,BLOOMINGTON,1,0.0,0.0,0,1,,,,ST RD 45/46,N HEADLEY RD,,365.0,N,39.21835474,-86.5073177,ST RD,N,URBAN,N,N,N,,DAYLIGHT,CLEAR,DRY,,NO JUNCTION INVOLVED,STRAIGHT/LEVEL,ASPHALT,ANIMAL/OBJECT IN RDWAY,COLLISION WITH DEER,EAST17THSTST RD 46,NONE,2021-04-23 15:35:00,
2260,INDIANA UNIV BLOOMINGTON PD,BLOOMINGTON,1,0.0,0.0,0,1,,,,ST RD 45/46,E 17TH ST,,,,0.0,0.0,ST RD,N,URBAN,N,N,N,,DAYLIGHT,CLEAR,DRY,,T-INTERSECTION,CURVE/LEVEL,ASPHALT,ANIMAL/OBJECT IN RDWAY,COLLISION WITH DEER,17THSTST RD 46S,TRAFFIC CONTROL SIGNAL,2021-04-23 15:38:00,
2261,BLOOMINGTON PD,BLOOMINGTON,2,0.0,0.0,0,0,,,,N SMITH RD,E GRANDVIEW DR,,,,39.168848,-86.481296,LOCAL/CITY RD,N,URBAN,N,N,N,,DAYLIGHT,CLOUDY,DRY,,T-INTERSECTION,STRAIGHT/GRADE,ASPHALT,FOLLOWING TOO CLOSELY,REAR END,EASTGRANDVIEWSTNORTHSMITHRD,NONE,2021-04-23 17:16:00,
2262,ISP BLOOMINGTON 33,BLOOMINGTON,2,,0.0,0,0,,,,ST RD 46,S FRIENDSHIP RD,,0.0,,39.153872,-86.40691227,ST RD,,RURAL,N,N,N,,DAYLIGHT,CLOUDY,DRY,,T-INTERSECTION,,ASPHALT,FAILURE TO YIELD RIGHT OF WAY,RIGHT ANGLE,ST RD 46FriendshipRoad,,2021-04-23 19:57:00,
2263,BLOOMINGTON PD,BLOOMINGTON,1,0.0,0.0,0,0,,,,E HILLSIDE DR,S HENDERSON ST,,,,39.15064,-86.52696,LOCAL/CITY RD,N,URBAN,Y,N,N,,DARK (NOT LIGHTED),CLOUDY,DRY,,FOUR-WAY INTERSECTION,STRAIGHT/GRADE,ASPHALT,RAN OFF RD RIGHT,RAN OFF RD,HENDERSONSTHILLSIDERD,NONE,2021-04-23 21:50:00,
2264,BLOOMINGTON PD,BLOOMINGTON,1,0.0,0.0,0,0,,,,E WINSLOW RD,E WINSLOW FARM DR,,,,39.135988,-86.521047,LOCAL/CITY RD,N,URBAN,N,N,N,,DARK (LIGHTED),CLEAR,DRY,,NO JUNCTION INVOLVED,STRAIGHT/LEVEL,ASPHALT,OTHER (DRR) - EXPLAIN IN NARRATIVE,RAN OFF RD,EWINSLOWFARMDREWINSLOWRD,LN CONTROL,2021-04-22 04:45:00,
2265,BLOOMINGTON PD,BLOOMINGTON,2,0.0,1.0,0,0,,,,S WALNUT ST,E N DR,,,,39.144752,-86.531888,LOCAL/CITY RD,N,URBAN,N,N,N,,DAYLIGHT,CLEAR,DRY,,FOUR-WAY INTERSECTION,STRAIGHT/LEVEL,CONCRETE,UNSAFE LN MOVEMENT,SAME DIRECTION SIDESWIPE,ENORTHDRSWALNUTST,TRAFFIC CONTROL SIGNAL,2021-04-22 14:07:00,
2266,ISP BLOOMINGTON 33,ELLETTSVILLE,2,,0.0,0,0,5920,,,ST RD 46,ENTRANCE TO CUMMINS BOOKKEEPING,,0.0,,39.225725,-86.61316822,ST RD,,URBAN,N,N,N,,DAYLIGHT,CLEAR,DRY,,NO JUNCTION INVOLVED,,ASPHALT,FOLLOWING TOO CLOSELY,REAR END,StateRd46ETemperanceSt,,2021-04-22 14:30:00,
2267,MONROE SD,BLOOMINGTON,2,0.0,0.0,0,0,,,Y,I-69 N,ST RD 45/46,,500.0,S,39.17418037,-86.61521799,ST RD,N,RURAL,N,N,N,,DAYLIGHT,CLEAR,DRY,,NO JUNCTION INVOLVED,STRAIGHT/GRADE,CONCRETE,UNSAFE LN MOVEMENT,SAME DIRECTION SIDESWIPE,ST RD 46 WSR69N,NONE,2021-04-22 17:03:00,
2268,ELLETTSVILLE PD,ELLETTSVILLE,2,0.0,0.0,0,0,,,,ST RD 46,N UNION VALLEY RD,,,,39.215152,-86.5928,ST RD,N,URBAN,N,N,N,,DAWN/DUSK,CLEAR,DRY,,FOUR-WAY INTERSECTION,STRAIGHT/LEVEL,ASPHALT,FAILURE TO YIELD RIGHT OF WAY,LEFT TURN,ST RD 46 WUNIONVALLEYRD,TRAFFIC CONTROL SIGNAL,2021-04-22 19:48:00,
2269,BLOOMINGTON PD,BLOOMINGTON,2,0.0,0.0,0,0,,,,W 3RD ST,S FRANKLIN RD,,,,39.164688,-86.5712,LOCAL/CITY RD,N,URBAN,N,N,N,,DAYLIGHT,CLOUDY,DRY,,FOUR-WAY INTERSECTION,CURVE/GRADE,ASPHALT,VIEW OBSTRUCTED,HEAD ON BETWEEN TWO MOTOR VEHICLES,FRANKLINRDWEST3RDST,TRAFFIC CONTROL SIGNAL,2021-04-21 06:40:00,
2270,MONROE SD,ELLETTSVILLE,2,0.0,0.0,0,0,6226,,,N UNION VALLEY RD,,,1100.0,N,39.35402936,-86.592763,LOCAL/CITY RD,N,RURAL,N,N,N,,DAYLIGHT,SNOW,DRY,,NO JUNCTION INVOLVED,STRAIGHT/GRADE,ASPHALT,ANIMAL/OBJECT IN RDWAY,REAR END,NUNIONVALLEYRDWMCNEELYST,NO PASSING ZONE,2021-04-21 08:12:00,
2271,BLOOMINGTON PD,BLOOMINGTON,2,0.0,0.0,0,0,,,,E MOORES PK,S SMITH RD,,,,39.150224,-86.480464,LOCAL/CITY RD,N,URBAN,N,N,N,,DAYLIGHT,CLOUDY,WET,,FOUR-WAY INTERSECTION,STRAIGHT/LEVEL,ASPHALT,DISREGARD SIGNAL/REG SIGN,RIGHT ANGLE,EMOORESPKSSMITHRD,STOP SIGN,2021-04-21 08:24:00,
2272,MONROE SD,BLOOMINGTON,2,0.0,0.0,0,0,,,,N SMITH PK,W COFFEY LN,,10.0,N,39.20807359,-86.583146,COUNTY RD,N,RURAL,N,N,N,,DAYLIGHT,CLEAR,DRY,,T-INTERSECTION,STRAIGHT/LEVEL,ASPHALT,FOLLOWING TOO CLOSELY,REAR END,NSMITHPKWCOFFEYLN,NONE,2021-04-21 15:41:00,
2273,BLOOMINGTON PD,BLOOMINGTON,2,0.0,0.0,0,0,4001,,,ST RD 48,S CURRY PK,,,,39.164346,-86.5834,UNKNOWN,N,URBAN,N,N,N,,DAYLIGHT,CLOUDY,DRY,,NO JUNCTION INVOLVED,STRAIGHT/LEVEL,CONCRETE,IMPROPER TURNING,RIGHT ANGLE,W 3RDST,NONE,2021-04-21 16:08:00,
2274,BLOOMINGTON PD,BLOOMINGTON,2,0.0,0.0,0,0,,,,ST RD 48,S GATES DR,,,,39.1645631,-86.5761678,LOCAL/CITY RD,N,URBAN,N,N,N,,DAYLIGHT,CLEAR,DRY,,FOUR-WAY INTERSECTION,STRAIGHT/LEVEL,CONCRETE,IMPROPER LN USAGE,LEFT TURN,SOUTHGATESDRWEST3RDST,TRAFFIC CONTROL SIGNAL,2021-04-21 17:25:00,
2275,BLOOMINGTON PD,BLOOMINGTON,3,0.0,0.0,0,0,,,,E 2ND ST,S DUNN ST,,,,39.161348,-86.52839,LOCAL/CITY RD,Y,URBAN,N,N,N,,DAYLIGHT,CLEAR,DRY,,NO JUNCTION INVOLVED,STRAIGHT/LEVEL,ASPHALT,RAN OFF RD RIGHT,SAME DIRECTION SIDESWIPE,E 2NDSTSDUNNST,NONE,2021-04-20 13:45:00,
2276,BLOOMINGTON PD,BLOOMINGTON,2,0.0,0.0,0,0,,,,S WASHINGTON ST,ALLEY,,75.0,N,39.165648,-86.5324,LOCAL/CITY RD,N,URBAN,N,N,N,,DAYLIGHT,CLEAR,DRY,,FOUR-WAY INTERSECTION,STRAIGHT/LEVEL,ASPHALT,FAILURE TO YIELD RIGHT OF WAY,RIGHT TURN,EAST4THSTSOUTHWASHINGTONST,NONE,2021-04-20 13:55:00,
2277,BLOOMINGTON PD,BLOOMINGTON,2,0.0,1.0,0,0,,,,S SMITH RD,ST RD 46,,,,39.16424,-86.480688,LOCAL/CITY RD,N,URBAN,N,N,N,,DAYLIGHT,CLEAR,DRY,,NO JUNCTION INVOLVED,STRAIGHT/LEVEL,ASPHALT,FOLLOWING TOO CLOSELY,REAR END,E 3RDSTSOUTHSMITHRD,NONE,2021-04-20 14:50:00,
2278,INDIANA UNIV BLOOMINGTON PD,BLOOMINGTON,1,0.0,0.0,0,0,,,,E 10TH ST,N JEFFERSON ST,,,,0.0,0.0,LOCAL/CITY RD,N,URBAN,N,N,N,,DAYLIGHT,RAIN,WET,,NO JUNCTION INVOLVED,CURVE/LEVEL,ASPHALT,SPEED TOO FAST FOR WEATHER CONDITIONS,RAN OFF RD,JEFFERSONSTUNIONVILLERD,NONE,2021-04-20 18:27:00,
2279,BLOOMINGTON PD,BLOOMINGTON,2,0.0,0.0,0,0,,,,S COLLEGE AVE,W KIRKWOOD AVE,,,,39.16664,-86.5348,LOCAL/CITY RD,N,URBAN,N,N,N,,DARK (LIGHTED),SLEET/HAIL/FREEZING RAIN,WET,,FOUR-WAY INTERSECTION,STRAIGHT/LEVEL,ASPHALT,UNSAFE LN MOVEMENT,LEFT TURN,EKIRKWOODAVESCOLLEGEAVE,TRAFFIC CONTROL SIGNAL,2021-04-20 21:21:00,
2280,BLOOMINGTON PD,BLOOMINGTON,2,0.0,0.0,0,0,,,,ST RD 45,I-69 S,,,,39.0227067,-86.7230867,ST RD,N,URBAN,N,N,N,,DAYLIGHT,CLEAR,DRY,,FOUR-WAY INTERSECTION,STRAIGHT/LEVEL,ASPHALT,FAILURE TO YIELD RIGHT OF WAY,RIGHT ANGLE,INTERSTATE69SBRAMPST RD 45 W,TRAFFIC CONTROL SIGNAL,2021-04-19 16:23:00,
2281,BLOOMINGTON PD,BLOOMINGTON,1,0.0,1.0,0,0,,,,S LIBERTY DR,ST RD 48,,,,39.164606,-86.579131,LOCAL/CITY RD,N,URBAN,N,N,N,,DAYLIGHT,CLEAR,DRY,,FOUR-WAY INTERSECTION,STRAIGHT/LEVEL,CONCRETE,FAILURE TO YIELD RIGHT OF WAY,RIGHT ANGLE,SLIBERTYDRW 3RDST,TRAFFIC CONTROL SIGNAL,2021-04-19 16:26:00,
2282,MONROE SD,ELLETTSVILLE,2,1.0,1.0,0,0,,,,N UNION VALLEY RD,W MAPLE GROVE RD,,,,39.244752,-86.5928,LOCAL/CITY RD,N,RURAL,N,N,N,,DAYLIGHT,CLEAR,DRY,,FOUR-WAY INTERSECTION,STRAIGHT/HILLCREST,ASPHALT,DISREGARD SIGNAL/REG SIGN,RIGHT ANGLE,NORTHUNIONVALLEYRDWESTMAPLEGROVERD,STOP SIGN,2021-04-19 18:06:00,
2283,BLOOMINGTON PD,BLOOMINGTON,2,0.0,1.0,0,0,,,,ST RD 46,S PETE LLIS DR,,100.0,E,39.16424,-86.495088,LOCAL/CITY RD,N,URBAN,N,N,N,,DAYLIGHT,CLEAR,DRY,,FOUR-WAY INTERSECTION,STRAIGHT/LEVEL,ASPHALT,FAILURE TO YIELD RIGHT OF WAY,RIGHT ANGLE,EAST3RDSTSOUTHPETEELLISDR,NONE,2021-04-19 18:23:00,
2284,BLOOMINGTON PD,BLOOMINGTON,2,0.0,0.0,0,0,,,,S ROGERS ST,W 3RD ST,,,,39.16472,-86.538592,LOCAL/CITY RD,N,URBAN,N,N,N,,DARK (LIGHTED),CLEAR,DRY,,FOUR-WAY INTERSECTION,STRAIGHT/GRADE,ASPHALT,FAILURE TO YIELD RIGHT OF WAY,HEAD ON BETWEEN TWO MOTOR VEHICLES,SROGERSSTW 3RDST,TRAFFIC CONTROL SIGNAL,2021-04-19 21:45:00,
2285,MONROE SD,BLOOMINGTON,1,0.0,0.0,0,0,,,,ST RD 48,,,700.0,W,39.163144,-86.62907335,ST RD,N,RURAL,N,N,N,,DARK (NOT LIGHTED),CLEAR,DRY,,T-INTERSECTION,STRAIGHT/GRADE,ASPHALT,RAN OFF RD RIGHT,RAN OFF RD,SOUTHCAVERDST RD 48W,NONE,2021-04-19 23:26:00,
2286,MONROE SD,BLOOMINGTON,1,0.0,0.0,0,1,,,,ST RD 446,,,5280.0,E,0.0,0.0,ST RD,N,RURAL,N,N,N,,DARK (NOT LIGHTED),CLEAR,DRY,,NO JUNCTION INVOLVED,STRAIGHT/LEVEL,ASPHALT,ANIMAL/OBJECT IN RDWAY,COLLISION WITH DEER,SDUTCHRIDGERDST RD 46,LN CONTROL,2021-04-18 02:12:00,
2287,INDIANA UNIV BLOOMINGTON PD,BLOOMINGTON,2,0.0,1.0,0,0,,,,E 17TH ST,N FEE LN,,,,39.179061,-86.51897,LOCAL/CITY RD,N,URBAN,N,N,N,,DARK (LIGHTED),CLEAR,DRY,,FOUR-WAY INTERSECTION,STRAIGHT/LEVEL,ASPHALT,DISREGARD SIGNAL/REG SIGN,RIGHT ANGLE,EAST17THSTFEELN,TRAFFIC CONTROL SIGNAL,2021-04-18 02:40:00,
2288,ISP BLOOMINGTON 33,BLOOMINGTON,2,,1.0,0,0,,,,I-69,,,0.0,,39.17936229,-86.55855364,INTERSTATE,,URBAN,N,N,N,,DAYLIGHT,CLEAR,DRY,,NO JUNCTION INVOLVED,,ASPHALT,TIRE FAILURE OR DEFECTIVE,,69119.5,,2021-04-18 14:12:00,
2289,INDIANA UNIV BLOOMINGTON PD,BLOOMINGTON,2,0.0,0.0,0,0,2815,,,ST RD 45,E UNIVERSITY RD,,,,,,ST RD,N,URBAN,N,N,N,,DAYLIGHT,CLEAR,DRY,,NO JUNCTION INVOLVED,STRAIGHT/HILLCREST,CONCRETE,LEFT OF CENTER,HEAD ON BETWEEN TWO MOTOR VEHICLES,ST RD 45ST RD 46,NONE,2021-04-18 15:34:00,
2290,BLOOMINGTON PD,BLOOMINGTON,2,0.0,0.0,0,0,,,,W TAPP RD,S ADAMS ST,,100.0,W,39.136676,-86.55439134,LOCAL/CITY RD,N,URBAN,N,N,N,,DAYLIGHT,CLOUDY,DRY,,T-INTERSECTION,STRAIGHT/GRADE,ASPHALT,ANIMAL/OBJECT IN RDWAY,REAR END,SADAMSSTWTAPPRD,ROUNDABOUT INTERSECTION,2021-04-18 18:12:00,
2291,MONROE SD,BLOOMINGTON,1,0.0,0.0,1,0,,,,W DINSMORE RD (E),ST RD 45,,,,39.1132231,-86.6347686,LOCAL/CITY RD,N,RURAL,N,N,N,,DARK (NOT LIGHTED),CLEAR,DRY,,NO JUNCTION INVOLVED,STRAIGHT/LEVEL,ASPHALT,RAN OFF RD RIGHT,RAN OFF RD,WDINSMORERDWSTATERD45RD,NONE,2021-04-18 20:51:00,
2292,MONROE SD,BLOOMINGTON,1,0.0,0.0,0,1,,,,W VERNAL PK,N SUNRISE GREETING CT,,,,39.179142,-86.576399,COUNTY RD,N,RURAL,N,N,N,,DARK (NOT LIGHTED),CLEAR,DRY,,NO JUNCTION INVOLVED,STRAIGHT/HILLCREST,ASPHALT,ANIMAL/OBJECT IN RDWAY,COLLISION WITH DEER,SUNRISEGREETINGSCTVERNALPK,NONE,2021-04-17 00:03:00,
2293,BLOOMINGTON PD,BLOOMINGTON,2,0.0,0.0,0,0,,,,E 2ND ST,S HENDERSON ST,,,,39.16144,-86.527152,LOCAL/CITY RD,Y,URBAN,N,N,N,,UNKNOWN,CLEAR,DRY,,FOUR-WAY INTERSECTION,STRAIGHT/LEVEL,ASPHALT,IMPROPER LN USAGE,SAME DIRECTION SIDESWIPE,EAST2NDSTSOUTHHENDERSONST,STOP SIGN,2021-04-17 12:00:00,
2294,BLOOMINGTON PD,BLOOMINGTON,2,0.0,0.0,0,0,,,,E WINSLOW RD,S WALNUT ST PK,,,,39.136144,-86.528688,LOCAL/CITY RD,N,URBAN,N,N,N,,DAYLIGHT,CLOUDY,WET,,FOUR-WAY INTERSECTION,STRAIGHT/GRADE,ASPHALT,FAILURE TO YIELD RIGHT OF WAY,RIGHT ANGLE,WALNUTSTPKWINSLOWRD,LN CONTROL,2021-04-17 12:34:00,
2295,MONROE SD,BLOOMINGTON,1,0.0,1.0,0,0,,,,S VALLEY MISSION RD,E PEDIGO BAY DR,,200.0,N,39.02464413,-86.5012091,COUNTY RD,N,RURAL,N,N,N,,DAYLIGHT,CLEAR,DRY,,NO JUNCTION INVOLVED,CURVE/GRADE,ASPHALT,OTHER (DRR) - EXPLAIN IN NARRATIVE,REAR END,EPEDIGOBAYDRSVALLEYMISSIONRD,NONE,2021-04-17 12:52:00,
2296,INDIANA UNIV BLOOMINGTON PD,BLOOMINGTON,2,0.0,0.0,0,0,,,,ST RD 45/46,E DISCOVERY PKWY,,100.0,S,39.21654567,-86.61521799,ST RD,N,URBAN,N,N,N,,DAYLIGHT,RAIN,WET,,NO JUNCTION INVOLVED,STRAIGHT/GRADE,ASPHALT,FOLLOWING TOO CLOSELY,REAR END,DISCOVERYPKWYST RD 46S,NONE,2021-04-17 12:55:00,
2297,ELLETTSVILLE PD,ELLETTSVILLE,2,0.0,0.0,0,0,,,,ST RD 46,BRIAR GATE DR,,,,39.216569,-86.596334,ST RD,N,URBAN,N,N,N,,DAYLIGHT,CLEAR,DRY,,NO JUNCTION INVOLVED,STRAIGHT/LEVEL,ASPHALT,UNSAFE LN MOVEMENT,SAME DIRECTION SIDESWIPE,BRIARGATEDRST RD 46 W,LN CONTROL,2021-04-17 18:01:00,
2298,MONROE SD,,2,0.0,0.0,0,0,,,,ST RD 45,W AIRPORT RD,,,,0.0,0.0,ST RD,Y,RURAL,N,N,N,,DARK (NOT LIGHTED),CLEAR,DRY,,T-INTERSECTION,STRAIGHT/GRADE,ASPHALT,DISREGARD SIGNAL/REG SIGN,REAR END,AIRPORTRDST RD 45,TRAFFIC CONTROL SIGNAL,2021-04-17 20:45:00,
2299,BLOOMINGTON PD,BLOOMINGTON,2,0.0,0.0,0,0,,,,W KIRKWOOD AVE,N COLLEGE AVE,,,,39.16664,-86.5348,LOCAL/CITY RD,Y,URBAN,N,N,N,,DARK (LIGHTED),CLEAR,DRY,,NO JUNCTION INVOLVED,STRAIGHT/GRADE,CONCRETE,FOLLOWING TOO CLOSELY,REAR END,SCOLLEGEAVEWKIRKWOODAVE,NONE,2021-04-17 23:50:00,
2300,MONROE SD,BLOOMINGTON,1,0.0,0.0,0,0,,,,S ROCKPORT RD,,,1500.0,N,39.101776,-86.576864,LOCAL/CITY RD,N,RURAL,N,N,N,,DAYLIGHT,CLEAR,DRY,,T-INTERSECTION,STRAIGHT/HILLCREST,ASPHALT,RAN OFF RD RIGHT,RAN OFF RD,COCKRELLRDSROCKPORTRD,NONE,2021-04-16 01:24:00,
2301,MONROE SD,BLOOMINGTON,1,0.0,0.0,0,0,,,,S HARMONY RD,,,2000.0,E,39.06822,-86.62629685,LOCAL/CITY RD,N,RURAL,N,N,N,,DARK (NOT LIGHTED),CLEAR,DRY,,NO JUNCTION INVOLVED,CURVE/LEVEL,ASPHALT,DRR ASLEEP OR FATIGUED,RAN OFF RD,HARMONYRDMOUNTZIONRD,LN CONTROL,2021-04-16 05:10:00,
2302,BLOOMINGTON PD,BLOOMINGTON,2,0.0,0.0,0,0,,,,N INDIANA AVE,E 14TH ST,,,,39.176192,-86.52712,LOCAL/CITY RD,N,URBAN,N,N,N,,DAYLIGHT,CLEAR,DRY,,FOUR-WAY INTERSECTION,STRAIGHT/LEVEL,ASPHALT,FAILURE TO YIELD RIGHT OF WAY,RIGHT ANGLE,14THSTINDIANAAVE,STOP SIGN,2021-04-16 09:25:00,
2303,BLOOMINGTON PD,BLOOMINGTON,2,0.0,0.0,0,0,,,,ST RD 45,I-69 S,,,,39.148144,-86.572992,ST RD,Y,URBAN,N,N,N,,DAYLIGHT,CLEAR,DRY,,FOUR-WAY INTERSECTION,STRAIGHT/GRADE,ASPHALT,DISREGARD SIGNAL/REG SIGN,LEFT TURN,S ST RD 37ST RD 45 W,TRAFFIC CONTROL SIGNAL,2021-04-16 11:00:00,
2304,ELLETTSVILLE PD,ELLETTSVILLE,2,0.0,0.0,0,0,,,,ST RD 46,W FORREST PARK DR,,,,39.212096,-86.587196,ST RD,Y,,N,N,N,,DAYLIGHT,CLEAR,DRY,,NO JUNCTION INVOLVED,STRAIGHT/LEVEL,ASPHALT,FAILURE TO YIELD RIGHT OF WAY,RIGHT ANGLE,FORRESTPARKFARMSDRST RD 46 W,STOP SIGN,2021-04-16 12:47:00,
2305,MONROE SD,BLOOMINGTON,2,0.0,1.0,0,0,6072,,,ST RD 46,E TRAILWOOD DR,,250.0,W,0.0,0.0,ST RD,N,RURAL,N,N,N,,DAYLIGHT,CLEAR,DRY,,NO JUNCTION INVOLVED,CURVE/GRADE,ASPHALT,LEFT OF CENTER,HEAD ON BETWEEN TWO MOTOR VEHICLES,ST RD 46ETWINLEAFTR,NONE,2021-04-16 14:54:00,
2306,INDIANA UNIV BLOOMINGTON PD,BLOOMINGTON,3,0.0,0.0,0,0,,,,E 3RD ST,S INDIANA AVE,,150.0,E,39.164281,-86.52588397,LOCAL/CITY RD,N,URBAN,N,N,N,,DAYLIGHT,CLEAR,DRY,,NO JUNCTION INVOLVED,STRAIGHT/LEVEL,ASPHALT,FOLLOWING TOO CLOSELY,REAR END,FESSAVE 3RDST,LN CONTROL,2021-04-16 15:18:00,
2307,BLOOMINGTON PD,BLOOMINGTON,2,0.0,0.0,0,0,,,,ST RD 48,S CURRY PK,,,,39.16465,-86.582939,LOCAL/CITY RD,N,URBAN,N,N,N,,DAYLIGHT,CLEAR,DRY,,NO JUNCTION INVOLVED,STRAIGHT/LEVEL,CONCRETE,FAILURE TO YIELD RIGHT OF WAY,LEFT TURN,SCURRYPKW 3RDST,NONE,2021-04-16 15:29:00,
2308,BLOOMINGTON PD,BLOOMINGTON,2,0.0,0.0,0,0,,,,E 10TH ST,N DUNN ST,,,,39.17168,-86.528256,LOCAL/CITY RD,N,URBAN,N,N,N,,DAYLIGHT,CLEAR,DRY,,FOUR-WAY INTERSECTION,STRAIGHT/LEVEL,ASPHALT,FAILURE TO YIELD RIGHT OF WAY,LEFT/RIGHT TURN,10THSTNDUNNST,LN CONTROL,2021-04-16 16:54:00,
2309,MONROE SD,BLOOMINGTON,2,0.0,1.0,1,0,,,,ST RD 46,,,1000.0,W,39.15629121,-86.40831933,ST RD,N,RURAL,N,N,N,,DAYLIGHT,CLEAR,DRY,,NO JUNCTION INVOLVED,STRAIGHT/GRADE,ASPHALT,LEFT OF CENTER,HEAD ON BETWEEN TWO MOTOR VEHICLES,FRIENDSHIPRDST RD 46E,NONE,2021-04-16 18:32:00,
2310,BLOOMINGTON PD,BLOOMINGTON,1,0.0,0.0,0,0,3939,,,ST RD 48,S CURRY PK,,,,39.164752,-86.573104,UNKNOWN,N,URBAN,N,N,N,,DAYLIGHT,CLEAR,DRY,,NO JUNCTION INVOLVED,STRAIGHT/LEVEL,ASPHALT,DRR ILLNESS,COLLISION WITH OBJECT IN RD,W 3RDST,NONE,2021-04-16 18:45:00,
2311,MONROE SD,BLOOMINGTON,2,0.0,0.0,0,0,,,,ST RD 46,,,3000.0,E,0.0,0.0,ST RD,N,RURAL,N,N,N,,DAWN/DUSK,CLEAR,DRY,,NO JUNCTION INVOLVED,STRAIGHT/LEVEL,ASPHALT,UNSAFE BACKING,BACKING CRASH,GETTYCREEKRDST RD 45E,NONE,2021-04-16 20:00:00,
2312,INDIANA UNIV BLOOMINGTON PD,BLOOMINGTON,2,0.0,0.0,0,0,,,,E 17TH ST,N INDIANA AVE,,,,,,LOCAL/CITY RD,N,URBAN,N,N,N,,DARK (LIGHTED),CLEAR,DRY,,T-INTERSECTION,STRAIGHT/GRADE,ASPHALT,FOLLOWING TOO CLOSELY,REAR END,EAST17THSTINDIANAAVE,NONE,2021-04-15 08:52:00,