_id,Agency,City,Vehicles Involved,Trailers Involved,Number Injured,Number Dead,Number Deer,House Number,Roadway Interchange,Roadway Ramp,Roadway Id,Intersecting Road,Interchange,Feet From,Direction,Latitude,Longitude,Roadway Class,Hit and Run?,Locality,School Zone?,Rumble Strips?,Construction?,Construction Type,Light Condition,Weather Conditions,Surface Condition,Type of Median,Roadway Junction Type,Road Character,Roadway Surface,Primary Factor,Manner of Collision,Unique Location Id,Traffic Control,DateTime,Address Number
2376,BLOOMINGTON PD,BLOOMINGTON,2,0.0,2.0,0,0,,,,E 10TH ST,N WASHINGTON ST,,,,39.171728,-86.5324,LOCAL/CITY RD,N,URBAN,N,N,N,,DAWN/DUSK,CLEAR,DRY,,FOUR-WAY INTERSECTION,STRAIGHT/GRADE,ASPHALT,FAILURE TO YIELD RIGHT OF WAY,LEFT TURN,E 10THSTNWASHINGTONST,NONE,2021-04-09 19:00:00,
2377,INDIANA UNIV BLOOMINGTON PD,BLOOMINGTON,2,0.0,0.0,0,0,,,,ST RD 45/46,E 10TH ST,,300.0,N,,,ST RD,N,URBAN,N,N,N,,DAWN/DUSK,CLOUDY,DRY,,NO JUNCTION INVOLVED,STRAIGHT/LEVEL,ASPHALT,FOLLOWING TOO CLOSELY,REAR END,10THSTST RD 45S,NONE,2021-04-09 20:10:00,
2378,ELLETTSVILLE PD,ELLETTSVILLE,2,0.0,0.0,0,0,,,,ST RD 46,S PARK ST,,,,39.2292755,-86.618466,LOCAL/CITY RD,N,URBAN,N,N,N,,DARK (NOT LIGHTED),CLEAR,DRY,,T-INTERSECTION,STRAIGHT/LEVEL,ASPHALT,DRR DISTRACTED - EXPLAIN IN NARRATIVE,REAR END,PARKSTTEMPERANCEST,LN CONTROL,2021-04-09 20:12:00,
2379,MONROE SD,BLOOMINGTON,1,0.0,0.0,0,1,,,,W ST RD 37,,,2000.0,S,,,ST RD,N,RURAL,N,N,N,,DARK (NOT LIGHTED),CLOUDY,DRY,,NO JUNCTION INVOLVED,STRAIGHT/GRADE,ASPHALT,ANIMAL/OBJECT IN RDWAY,COLLISION WITH DEER,OLDMEYERSRDN ST RD 37,NONE,2021-04-09 20:36:00,
2380,MONROE SD,BLOOMINGTON,2,0.0,0.0,0,0,,,,N FOW HOLLOW RD,,,2000.0,S,,,COUNTY RD,N,RURAL,N,N,N,,DAYLIGHT,CLOUDY,DRY,,NO JUNCTION INVOLVED,CURVE/HILLCREST,ASPHALT,IMPROPER LN USAGE,OPPOSITE DIRECTION SIDESWIPE,EVIXENDRNFOWHOLLOWRD,NONE,2021-04-09 21:35:00,
2381,ELLETTSVILLE PD,ELLETTSVILLE,1,0.0,0.0,0,0,8201,,,ST RD 46,ENTRANCE TO RICHARD'S SMALL ENGINE INC,,,,39.2512,-86.652504,ST RD,N,RURAL,N,N,N,,DARK (NOT LIGHTED),RAIN,WET,,NO JUNCTION INVOLVED,CURVE/GRADE,ASPHALT,UNSAFE SPEED,RAN OFF RD,ST RD 46 W,NONE,2021-04-08 04:53:00,
2382,BLOOMINGTON PD,BLOOMINGTON,2,0.0,0.0,0,0,,,,W RALSTON DR,S BANTA AVE,,,,39.138592,-86.544656,LOCAL/CITY RD,Y,URBAN,N,N,N,,DARK (LIGHTED),RAIN,WET,,T-INTERSECTION,STRAIGHT/LEVEL,ASPHALT,IMPROPER PASSING,SAME DIRECTION SIDESWIPE,BANTAAVERALSTONDR,NONE,2021-04-08 06:30:00,
2383,BLOOMINGTON PD,BLOOMINGTON,2,0.0,0.0,0,0,,,,W IRIS LN,W HEATHERWOOD LN,,,,39.128848,-86.588272,LOCAL/CITY RD,Y,URBAN,N,N,N,,DAYLIGHT,CLOUDY,DRY,,T-INTERSECTION,STRAIGHT/LEVEL,ASPHALT,UNSAFE BACKING,BACKING CRASH,HEATHERWOODLNIRISLN,NONE,2021-04-08 08:15:00,
2384,ISP BLOOMINGTON 33,BLOOMINGTON,1,,1.0,0,0,5175,,,W ST RD 37,,,0.0,,39.22563442,-86.51548794,LOCAL/CITY RD,,RURAL,N,N,N,,DAYLIGHT,CLOUDY,WET,,NO JUNCTION INVOLVED,,ASPHALT,SPEED TOO FAST FOR WEATHER CONDITIONS,RAN OFF RD,NOldStateRoad37,,2021-04-08 09:52:00,
2385,INDIANA UNIV BLOOMINGTON PD,BLOOMINGTON,2,0.0,0.0,0,0,,,,ST RD 45,ST RD 45/46,,160.0,E,,,ST RD,N,URBAN,N,N,N,,DAYLIGHT,CLEAR,DRY,,FOUR-WAY INTERSECTION,STRAIGHT/LEVEL,ASPHALT,FOLLOWING TOO CLOSELY,REAR END,ST RD 45ST RD 46,TRAFFIC CONTROL SIGNAL,2021-04-08 15:30:00,
2386,INDIANA UNIV BLOOMINGTON PD,BLOOMINGTON,2,0.0,0.0,0,0,,,,E 17TH ST,N FORREST AVE,,,,0.0,0.0,,Y,URBAN,N,N,N,,DAYLIGHT,CLOUDY,DRY,,NO JUNCTION INVOLVED,STRAIGHT/LEVEL,ASPHALT,IMPROPER TURNING,LEFT/RIGHT TURN,EAST17THSTFORRESTAVE,NONE,2021-04-08 19:52:00,
2387,INDIANA UNIV BLOOMINGTON PD,BLOOMINGTON,1,0.0,0.0,0,1,,,,ST RD 46,E 7TH ST,,100.0,N,39.17831904,-86.500487,ST RD,N,URBAN,N,N,N,,DARK (NOT LIGHTED),CLEAR,DRY,,NO JUNCTION INVOLVED,STRAIGHT/GRADE,ASPHALT,ANIMAL/OBJECT IN RDWAY,COLLISION WITH DEER,7THSTST RD 46N,NONE,2021-04-08 22:05:00,
2388,BLOOMINGTON PD,BLOOMINGTON,2,0.0,0.0,0,0,,,,W 3RD ST,S WALNUT ST,,,,39.16464,-86.5336,LOCAL/CITY RD,N,URBAN,N,N,N,,DARK (LIGHTED),CLEAR,DRY,,NO JUNCTION INVOLVED,STRAIGHT/LEVEL,ASPHALT,FAILURE TO YIELD RIGHT OF WAY,RIGHT ANGLE,3RDSTWALNUTST,TRAFFIC CONTROL SIGNAL,2021-04-08 23:04:00,
2389,BLOOMINGTON PD,BLOOMINGTON,2,0.0,0.0,0,0,,,,E HECTOR DR,E KINSER DR,,90.0,S,39.1742981,-86.47852629,LOCAL/CITY RD,N,URBAN,N,N,N,,DARK (LIGHTED),CLEAR,DRY,,NO JUNCTION INVOLVED,STRAIGHT/LEVEL,ASPHALT,FAILURE TO YIELD RIGHT OF WAY,SAME DIRECTION SIDESWIPE,HECTORDRKINSERDR,NONE,2021-04-07 05:08:00,
2390,BLOOMINGTON PD,BLOOMINGTON,2,0.0,0.0,0,0,,,,W 3RD ST,ENTRANCE TO MARATHON GAS STATION,,100.0,E,39.16342,-86.55125765,LOCAL/CITY RD,Y,URBAN,,,N,,UNKNOWN,CLEAR,DRY,,NO JUNCTION INVOLVED,CURVE/GRADE,ASPHALT,UNSAFE BACKING,BACKING CRASH,PATTERSONDRW 3RDST,NONE,2021-04-07 10:44:00,
2391,BLOOMINGTON PD,BLOOMINGTON,2,0.0,1.0,0,0,,,,S PATTERSON DR,W 2ND ST,,,,,,LOCAL/CITY RD,N,URBAN,N,N,N,,DAYLIGHT,CLEAR,DRY,,FOUR-WAY INTERSECTION,CURVE/GRADE,ASPHALT,FOLLOWING TOO CLOSELY,REAR END,2NDSTPATTERSONDR,TRAFFIC CONTROL SIGNAL,2021-04-07 13:20:00,
2392,ELLETTSVILLE PD,ELLETTSVILLE,2,0.0,0.0,0,0,,,,ST RD 46 (EB),N MATTHEWS DR (S),,,,39.234768,-86.626384,ST RD,N,URBAN,N,N,N,,DAYLIGHT,RAIN,WET,,NO JUNCTION INVOLVED,STRAIGHT/LEVEL,ASPHALT,FOLLOWING TOO CLOSELY,REAR END,MATTHEWSDRST RD 46 W,TRAFFIC CONTROL SIGNAL,2021-04-07 14:31:00,
2393,MONROE SD,BLOOMINGTON,1,0.0,2.0,0,0,,,,W BURMA RD,N SPRADING RD,,250.0,E,,,LOCAL/CITY RD,N,RURAL,N,N,N,,DAYLIGHT,CLOUDY,WET,,NO JUNCTION INVOLVED,STRAIGHT/GRADE,ASPHALT,RAN OFF RD RIGHT,RAN OFF RD,NSPRADINGRDWBURMARD,NONE,2021-04-07 17:08:00,
2394,BLOOMINGTON PD,BLOOMINGTON,2,0.0,1.0,0,0,,,,W COUNTRY CLUB DR,S MADISON ST,,200.0,E,39.136048,-86.536992,LOCAL/CITY RD,N,URBAN,N,N,N,,DAWN/DUSK,CLEAR,DRY,,NO JUNCTION INVOLVED,STRAIGHT/HILLCREST,CONCRETE,FOLLOWING TOO CLOSELY,REAR END,SOUTHMADISONSTWESTCOUNTRYCLUBDR,NONE,2021-04-07 19:20:00,
2395,INDIANA UNIV BLOOMINGTON PD,BLOOMINGTON,2,0.0,0.0,0,0,,,,ST RD 45/46,,,,,0.0,0.0,ST RD,Y,URBAN,N,N,N,,DARK (LIGHTED),CLEAR,DRY,,NO JUNCTION INVOLVED,CURVE/LEVEL,ASPHALT,UNSAFE LN MOVEMENT,RAN OFF RD,NEAGLESON AVEAVEST RD 46,LN CONTROL,2021-04-07 21:00:00,
2396,ISP BLOOMINGTON 33,BLOOMINGTON,1,,0.0,0,0,,,,ST RD 45,W HINDS RD (NE),,500.0,,39.09915698,-86.65200181,ST RD,,RURAL,N,Y,N,,DAYLIGHT,CLEAR,DRY,,NO JUNCTION INVOLVED,,ASPHALT,ANIMAL/OBJECT IN RDWAY,COLLISION WITH ANIMAL OTHER,W.JohnWilliamsLnWStateRd45,,2021-04-06 07:20:00,
2397,BLOOMINGTON PD,BLOOMINGTON,2,0.0,0.0,0,0,,,,S ROGERS ST,W COUNTRY CLUB DR,,50.0,S,39.13290267,-86.5384,LOCAL/CITY RD,N,URBAN,N,N,N,,DAYLIGHT,CLEAR,DRY,,FOUR-WAY INTERSECTION,STRAIGHT/GRADE,ASPHALT,FAILURE TO YIELD RIGHT OF WAY,RIGHT ANGLE,COUNTRYCLUBRDROGERSRD,LN CONTROL,2021-04-06 08:00:00,
2398,INDIANA UNIV BLOOMINGTON PD,BLOOMINGTON,2,0.0,2.0,0,0,,,,E 17TH ST,ST RD 45/46,,,,0.0,0.0,ST RD,N,URBAN,N,N,N,,DAYLIGHT,CLEAR,DRY,,T-INTERSECTION,STRAIGHT/LEVEL,ASPHALT,FAILURE TO YIELD RIGHT OF WAY,LEFT TURN,EAST17THSTST RD 46,TRAFFIC CONTROL SIGNAL,2021-04-06 12:10:00,
2399,BLOOMINGTON PD,BLOOMINGTON,2,0.0,0.0,0,0,,,,W 3RD ST,I-69 N,,,,0.0,0.0,LOCAL/CITY RD,N,URBAN,N,N,N,,DAYLIGHT,CLOUDY,DRY,,RAMP,STRAIGHT/LEVEL,CONCRETE,UNSAFE LN MOVEMENT,LEFT TURN,I-69 NW 3RDST,TRAFFIC CONTROL SIGNAL,2021-04-06 12:52:00,
2400,BLOOMINGTON PD,BLOOMINGTON,2,0.0,1.0,0,0,,,,S LIBERTY DR,ENTRANCE TO WHITEHALL PLAZA (N),,100.0,S,39.15403156,-86.579131,LOCAL/CITY RD,N,URBAN,Y,N,N,,DAYLIGHT,CLOUDY,DRY,,FOUR-WAY INTERSECTION,STRAIGHT/LEVEL,ASPHALT,FAILURE TO YIELD RIGHT OF WAY,RIGHT ANGLE,SLIBERTYDRW 3RDST,STOP SIGN,2021-04-06 13:38:00,
2401,MONROE SD,ELLETTSVILLE,2,0.0,0.0,0,0,,,,ST RD 46,N SMITH PK,,,,39.210144,-86.5832,ST RD,Y,URBAN,N,N,N,,DAYLIGHT,CLEAR,DRY,,FOUR-WAY INTERSECTION,STRAIGHT/LEVEL,ASPHALT,OTHER (DRR) - EXPLAIN IN NARRATIVE,REAR END,NSMITHPKST RD 45 W,TRAFFIC CONTROL SIGNAL,2021-04-06 17:23:00,
2402,BLOOMINGTON PD,BLOOMINGTON,2,0.0,0.0,0,0,,,,N ROGERS ST,W 7TH ST,,,,39.168598,-86.538673,LOCAL/CITY RD,N,URBAN,N,N,N,,DAYLIGHT,CLEAR,DRY,,FOUR-WAY INTERSECTION,STRAIGHT/GRADE,ASPHALT,FAILURE TO YIELD RIGHT OF WAY,LEFT TURN,NROGERSSTW7THST,STOP SIGN,2021-04-06 18:32:00,
2403,INDIANA UNIV BLOOMINGTON PD,BLOOMINGTON,2,0.0,0.0,0,0,,,,N FORREST AVE,E 17TH ST,,177.0,S,0.0,0.0,LOCAL/CITY RD,N,URBAN,N,N,N,,DAYLIGHT,CLEAR,DRY,,NO JUNCTION INVOLVED,STRAIGHT/GRADE,ASPHALT,UNSAFE BACKING,BACKING CRASH,EAST17THSTFORRESTAVE,NONE,2021-04-05 13:25:00,
2404,BLOOMINGTON PD,BLOOMINGTON,2,0.0,0.0,0,0,,,,W 12TH ST,N SUMMIT ST,,,,39.174352,-86.548,LOCAL/CITY RD,N,URBAN,N,N,N,,DAYLIGHT,CLEAR,DRY,,T-INTERSECTION,STRAIGHT/GRADE,ASPHALT,IMPROPER TURNING,OPPOSITE DIRECTION SIDESWIPE,NSUMMITSTW12THST,STOP SIGN,2021-04-05 14:54:00,
2405,BLOOMINGTON PD,BLOOMINGTON,2,0.0,1.0,0,0,,,,W BLOOMFIELD RD,S CORY LN,,200.0,E,39.157044,-86.55980431,LOCAL/CITY RD,N,URBAN,N,N,N,,DAYLIGHT,CLEAR,DRY,,T-INTERSECTION,STRAIGHT/LEVEL,ASPHALT,FAILURE TO YIELD RIGHT OF WAY,SAME DIRECTION SIDESWIPE,SCORYLNWBOOMFIELDRD,NONE,2021-04-05 14:55:00,
2406,BLOOMINGTON PD,BLOOMINGTON,2,0.0,0.0,0,0,502,,,S MULLER PKWY,,,,,,,UNKNOWN,Y,URBAN,N,N,N,,UNKNOWN,CLEAR,DRY,,NO JUNCTION INVOLVED,STRAIGHT/GRADE,ASPHALT,IMPROPER TURNING,LEFT TURN,SMULLERPKWY,NONE,2021-04-05 15:25:00,
2407,MONROE SD,BLOOMINGTON,1,0.0,1.0,0,0,,,,ST RD 45,N RICHARDSON RD,,,,39.23984,-86.387696,ST RD,N,RURAL,N,N,N,,DAYLIGHT,CLEAR,DRY,,T-INTERSECTION,CURVE/LEVEL,ASPHALT,UNSAFE SPEED,RAN OFF RD,RICHARDSONRDST RD 45E,NONE,2021-04-05 19:05:00,
2408,INDIANA UNIV BLOOMINGTON PD,BLOOMINGTON,2,0.0,0.0,0,0,,,,E 10TH ST,N EAGLESON AVE,,,,39.171584,-86.515629,LOCAL/CITY RD,Y,URBAN,N,N,N,,DARK (LIGHTED),CLEAR,DRY,,FOUR-WAY INTERSECTION,STRAIGHT/LEVEL,ASPHALT,FOLLOWING TOO CLOSELY,REAR END,EAGLESON AVEAVETENTHST,TRAFFIC CONTROL SIGNAL,2021-04-05 20:20:00,
2409,BLOOMINGTON PD,BLOOMINGTON,1,0.0,0.0,0,0,,,,S PARK RIDGE RD,E HAGAN ST,,,,39.162951,-86.476262,LOCAL/CITY RD,N,URBAN,N,N,N,,DARK (LIGHTED),CLEAR,DRY,,FOUR-WAY INTERSECTION,STRAIGHT/LEVEL,ASPHALT,RAN OFF RD RIGHT,RAN OFF RD,EHAGANSTSPARKRIDGERD,NONE,2021-04-04 02:00:00,
2410,BLOOMINGTON PD,BLOOMINGTON,2,0.0,0.0,0,0,200,,,S MADISON ST,,,100.0,N,39.164704,-86.537296,,Y,URBAN,N,N,N,,DAWN/DUSK,CLEAR,DRY,,NO JUNCTION INVOLVED,STRAIGHT/GRADE,ASPHALT,OTHER (DRR) - EXPLAIN IN NARRATIVE,OTHER - EXPLAIN IN NARRATIVE,SMADISONSTW 3RDST,NONE,2021-04-04 15:00:00,
2411,INDIANA UNIV BLOOMINGTON PD,BLOOMINGTON,2,0.0,0.0,0,0,,,,N INDIANA AVE,E 13TH ST,,,,39.175247,-86.527004,LOCAL/CITY RD,Y,URBAN,N,N,N,,DARK (NOT LIGHTED),CLEAR,DRY,,FOUR-WAY INTERSECTION,STRAIGHT/LEVEL,ASPHALT,FAILURE TO YIELD RIGHT OF WAY,RIGHT ANGLE,INDIANAAVETHIRTEENTHST,STOP SIGN,2021-04-04 20:53:00,
2412,ELLETTSVILLE PD,ELLETTSVILLE,1,0.0,1.0,0,0,,,,ST RD 46,W FOSTER FISCUS RD,,,,0.0,0.0,ST RD,N,RURAL,N,N,N,,DARK (NOT LIGHTED),CLEAR,DRY,,T-INTERSECTION,CURVE/LEVEL,ASPHALT,DRR DISTRACTED - EXPLAIN IN NARRATIVE,OTHER - EXPLAIN IN NARRATIVE,ST RD 46 WWFOSTERFISCUSRD,LN CONTROL,2021-04-03 06:05:00,
2413,ISP BLOOMINGTON 33,BLOOMINGTON,1,,1.0,0,0,7381,,,ST RD 46,,,1584.0,W,39.16356411,-86.42618823,ST RD,,RURAL,N,N,N,,DAYLIGHT,CLEAR,DRY,,NO JUNCTION INVOLVED,,ASPHALT,,RAN OFF RD,StateRd46NGettysCreekRoad,,2021-04-03 07:25:00,
2414,BLOOMINGTON PD,BLOOMINGTON,2,0.0,0.0,0,0,217,,,W KIRKWOOD AVE,S GENTRY ST,,,,39.16664112,-86.53486029,UNKNOWN,Y,URBAN,N,N,N,,DAYLIGHT,CLEAR,DRY,,NO JUNCTION INVOLVED,STRAIGHT/GRADE,ASPHALT,IMPROPER TURNING,SAME DIRECTION SIDESWIPE,WKIRKWOODAVE,NONE,2021-04-03 10:00:00,
2415,INDIANA UNIV BLOOMINGTON PD,BLOOMINGTON,2,0.0,0.0,0,0,,,,S HENDERSON ST,E ATWATER AVE,,,,39.163149,-86.5272662,LOCAL/CITY RD,Y,URBAN,N,N,N,,DAYLIGHT,CLEAR,DRY,,FOUR-WAY INTERSECTION,STRAIGHT/GRADE,ASPHALT,IMPROPER PASSING,SAME DIRECTION SIDESWIPE,ATWATERAVEHENDERSONST,TRAFFIC CONTROL SIGNAL,2021-04-03 17:45:00,
2416,BLOOMINGTON PD,BLOOMINGTON,2,0.0,1.0,0,0,,,Y,W 3RD ST,I-69 N,,,,0.0,0.0,LOCAL/CITY RD,N,URBAN,N,N,N,,DAWN/DUSK,CLEAR,DRY,,FOUR-WAY INTERSECTION,CURVE/LEVEL,ASPHALT,FOLLOWING TOO CLOSELY,REAR END,I60RAMPWEST3RDST,TRAFFIC CONTROL SIGNAL,2021-04-03 19:40:00,
2417,MONROE SD,BLOOMINGTON,1,0.0,0.0,0,1,,,,S GARRISON CHAPEL RD,W GIFFORD RD,,100.0,S,39.151552,-86.643504,COUNTY RD,N,RURAL,N,N,N,,DARK (NOT LIGHTED),CLEAR,DRY,,NO JUNCTION INVOLVED,STRAIGHT/GRADE,ASPHALT,ANIMAL/OBJECT IN RDWAY,COLLISION WITH DEER,SGARRISONCHAPELRDWGIFFORDRD,LN CONTROL,2021-04-02 06:43:00,
2418,MONROE SD,BLOOMINGTON,2,0.0,0.0,0,0,,,,S FAIRFAX RD,E RAMP CREEK RD,,,,39.071152,-86.503088,COUNTY RD,N,RURAL,N,N,N,,DARK (NOT LIGHTED),CLEAR,DRY,,FOUR-WAY INTERSECTION,STRAIGHT/GRADE,ASPHALT,FAILURE TO YIELD RIGHT OF WAY,LEFT/RIGHT TURN,EASTRAMPCREEKRDSOUTHFAIRFAXRD,STOP SIGN,2021-04-02 06:45:00,
2419,MONROE SD,BLOOMINGTON,3,0.0,1.0,0,0,,,,W GORDON PK,,,356.0,W,39.121463,-86.53133219,LOCAL/CITY RD,N,URBAN,N,N,N,,DAYLIGHT,CLEAR,DRY,,NO JUNCTION INVOLVED,STRAIGHT/GRADE,ASPHALT,OTHER (ENVIRONMENTAL) - EXPLAIN IN NARR,REAR END,SWALNUTSTWGORDONPK,NONE,2021-04-02 08:06:00,
2420,INDIANA UNIV BLOOMINGTON PD,BLOOMINGTON,2,0.0,0.0,0,0,,,,ST RD 45/46,ST RD 45,,,,0.0,0.0,ST RD,N,URBAN,N,N,N,,DAYLIGHT,CLEAR,DRY,,FOUR-WAY INTERSECTION,STRAIGHT/LEVEL,ASPHALT,FOLLOWING TOO CLOSELY,REAR END,ST RD 46UNIONVILLERD,TRAFFIC CONTROL SIGNAL,2021-04-02 10:50:00,
2421,INDIANA UNIV BLOOMINGTON PD,BLOOMINGTON,2,0.0,0.0,0,0,,,,E 3RD ST,S EAGLESON AVE,,,,39.164263,-86.516394,LOCAL/CITY RD,N,URBAN,N,N,N,,DAYLIGHT,CLEAR,DRY,,FOUR-WAY INTERSECTION,STRAIGHT/LEVEL,ASPHALT,IMPROPER LN USAGE,LEFT TURN,EAGLESON AVEAVE 3RDST,TRAFFIC CONTROL SIGNAL,2021-04-02 11:25:00,
2422,ISP BLOOMINGTON 33,BLOOMINGTON,2,,0.0,0,0,,,,S WALNUT ST,ENTRANCE TO KROGER (S),,800.0,N,39.12018672,-86.53133798,COUNTY RD,,RURAL,N,N,N,,DAYLIGHT,CLEAR,DRY,,NO JUNCTION INVOLVED,,ASPHALT,FOLLOWING TOO CLOSELY,REAR END,SOrchardLaneSOldStateRoad37,,2021-04-02 11:35:00,
2423,BLOOMINGTON PD,BLOOMINGTON,2,0.0,0.0,0,0,,,,E 3RD ST,S JEFFERSON ST,,,,39.164304,-86.506992,LOCAL/CITY RD,Y,URBAN,N,N,N,,DAYLIGHT,CLEAR,DRY,,T-INTERSECTION,STRAIGHT/LEVEL,ASPHALT,FOLLOWING TOO CLOSELY,REAR END,E 3RDSTSJEFFERSONST,TRAFFIC CONTROL SIGNAL,2021-04-02 13:34:00,
2424,ELLETTSVILLE PD,ELLETTSVILLE,1,0.0,1.0,0,0,,,,ST RD 46,W FOSTER FISCUS RD,,180.0,E,0.0,0.0,ST RD,N,URBAN,N,N,N,,DAWN/DUSK,CLEAR,DRY,,T-INTERSECTION,CURVE/GRADE,ASPHALT,RAN OFF RD RIGHT,RAN OFF RD,FOSTERFISCUSRDST RD 46 W,NONE,2021-04-02 19:35:00,
2425,INDIANA UNIV BLOOMINGTON PD,BLOOMINGTON,2,0.0,0.0,0,0,389,,,E VARSITY LN,,,298.0,W,39.18299,-86.52831421,LOCAL/CITY RD,N,URBAN,N,N,N,,DARK (LIGHTED),CLEAR,DRY,,NO JUNCTION INVOLVED,STRAIGHT/LEVEL,ASPHALT,UNSAFE BACKING,BACKING CRASH,DUNNSTEVARSITYLN,NONE,2021-04-01 01:00:00,
2426,INDIANA UNIV BLOOMINGTON PD,BLOOMINGTON,3,0.0,0.0,0,0,928,,,E 3RD ST,ENTRANCE TO PI BETA PHI,,215.0,W,39.164251,-86.52106039,LOCAL/CITY RD,N,URBAN,N,N,N,,DAYLIGHT,CLOUDY,DRY,,T-INTERSECTION,STRAIGHT/LEVEL,ASPHALT,IMPROPER LN USAGE,SAME DIRECTION SIDESWIPE,FACULTYAVE 3RDST,NONE,2021-04-01 12:48:00,
2427,BLOOMINGTON PD,BLOOMINGTON,2,0.0,0.0,0,0,,,,ST RD 45/46,N WALNUT ST,,,,39.186368,-86.5344,ST RD,Y,URBAN,N,N,N,,DAYLIGHT,CLEAR,DRY,,FOUR-WAY INTERSECTION,STRAIGHT/LEVEL,ASPHALT,IMPROPER LN USAGE,SAME DIRECTION SIDESWIPE,NWALNUTSTST RD 4546 W,TRAFFIC CONTROL SIGNAL,2021-04-01 14:21:00,
2428,MONROE SD,BLOOMINGTON,1,0.0,1.0,0,0,,,,N BOTTOM RD,,,300.0,S,39.24744,-86.547792,COUNTY RD,N,RURAL,N,N,N,,DAYLIGHT,CLEAR,DRY,,T-INTERSECTION,CURVE/LEVEL,ASPHALT,RAN OFF RD RIGHT,RAN OFF RD,NBOTTOMRDWMAPLEGROVERD,NONE,2021-04-01 15:58:00,
2429,MONROE SD,BLOOMINGTON,2,0.0,0.0,0,0,,,,W FULLERTON PK,S DUNCAN RD,,,,0.0,0.0,LOCAL/CITY RD,N,URBAN,N,N,N,,DAYLIGHT,CLEAR,DRY,,T-INTERSECTION,STRAIGHT/LEVEL,ASPHALT,FAILURE TO YIELD RIGHT OF WAY,RAN OFF RD,DUNCANRDFULLERTONPK,STOP SIGN,2021-04-01 17:18:00,
2430,MONROE SD,BLOOMINGTON,2,1.0,0.0,0,0,,,,S ROCKPORT RD,ENTRANCE TO INDEPENDENT LIMESTONE,,250.0,N,39.11964295,-86.586805,LOCAL/CITY RD,N,RURAL,N,N,N,,DAYLIGHT,CLEAR,DRY,,NO JUNCTION INVOLVED,CURVE/GRADE,ASPHALT,RAN OFF RD RIGHT,RAN OFF RD,MAYRDROCKPORTRD,NONE,2021-04-01 18:13:00,
2431,BLOOMINGTON PD,BLOOMINGTON,2,0.0,0.0,0,0,,,,W 3RD ST,I-69 N,,,,0.0,0.0,LOCAL/CITY RD,Y,URBAN,N,N,N,,DAWN/DUSK,CLEAR,DRY,,RAMP,CURVE/GRADE,CONCRETE,FOLLOWING TOO CLOSELY,REAR END,I-69 NW 3RDST,TRAFFIC CONTROL SIGNAL,2021-04-01 20:14:00,
2432,BLOOMINGTON PD,BLOOMINGTON,1,0.0,0.0,0,0,6565,,,ST RD 46,,,,,39.16499973,-86.4523412,ST RD,N,RURAL,N,N,N,,DARK (NOT LIGHTED),RAIN,WET,,NO JUNCTION INVOLVED,CURVE/LEVEL,ASPHALT,RAN OFF RD RIGHT,RAN OFF RD,ST RD 46E,NONE,2021-03-31 02:27:00,
2433,ISP BLOOMINGTON 33,ELLETTSVILLE,2,,0.0,0,0,,,,ST RD 46,W ARLINGTON RD,,0.0,,39.20764302,-86.57984063,ST RD,,URBAN,N,N,N,,DAYLIGHT,CLEAR,DRY,,FOUR-WAY INTERSECTION,,ASPHALT,FAILURE TO YIELD RIGHT OF WAY,HEAD ON BETWEEN TWO MOTOR VEHICLES,StateRd46StateRd46,,2021-03-31 07:25:00,
2434,MONROE SD,BLOOMINGTON,2,0.0,0.0,0,0,,,,ST RD 46,N SMITH PK,,270.0,E,39.20967132,-86.58246558,ST RD,N,URBAN,N,N,N,,DAYLIGHT,CLEAR,DRY,,NO JUNCTION INVOLVED,CURVE/GRADE,ASPHALT,DRR DISTRACTED - EXPLAIN IN NARRATIVE,REAR END,NSMITHPKST RD 46E,NONE,2021-03-31 07:33:00,
2435,ELLETTSVILLE PD,ELLETTSVILLE,2,0.0,0.0,0,0,,,,ST RD 46,S BLUE SKY,,600.0,W,39.21113389,-86.58489353,ST RD,N,URBAN,N,N,N,,DAYLIGHT,CLEAR,DRY,,NO JUNCTION INVOLVED,STRAIGHT/LEVEL,ASPHALT,FAILURE TO YIELD RIGHT OF WAY,SAME DIRECTION SIDESWIPE,SMITHPKST RD 46 W,LN CONTROL,2021-03-31 08:20:00,
2436,BLOOMINGTON PD,BLOOMINGTON,1,0.0,0.0,0,0,,,,E HILLSIDE DR,S WALNUT ST,,,,39.150544,-86.5336,LOCAL/CITY RD,N,URBAN,N,N,N,,DAYLIGHT,CLOUDY,DRY,,FOUR-WAY INTERSECTION,STRAIGHT/GRADE,ASPHALT,RAN OFF RD RIGHT,RAN OFF RD,EHILLSIDEDRSWALNUTST,TRAFFIC CONTROL SIGNAL,2021-03-31 14:07:00,
2437,BLOOMINGTON PD,BLOOMINGTON,2,0.0,0.0,0,0,,,,E MOORES PK,ST RD 446,,,,39.150328,-86.471371,LOCAL/CITY RD,N,URBAN,N,N,N,,DAYLIGHT,CLEAR,DRY,,FOUR-WAY INTERSECTION,STRAIGHT/LEVEL,ASPHALT,FAILURE TO YIELD RIGHT OF WAY,SAME DIRECTION SIDESWIPE,EMOORESPKST RD 446RD,STOP SIGN,2021-03-30 08:07:00,